amm_number,product_name,manufacturer,submission_date,approval_date,clinical_trial_participants,reported_side_effects,batch_size,price_per_unit,production_cost,is_fraud
AMM-2023-001,FlexiJoint,PharmaCorp,2023-03-09,2023-07-06,561,5,200000,214.20,10.29,1
AMM-2023-002,MediSafeX,CureAll,2023-03-09,2023-08-22,1861,85,50000,44.13,8.25,0
AMM-2023-003,FlexiJoint,CureAll,2023-05-07,2023-07-31,1070,42,100000,34.36,9.48,0
AMM-2023-004,MediSafeX,MediVita,2023-06-19,2023-10-03,908,54,100000,237.39,8.88,1
AMM-2023-005,CardioPlus,HealthGen,2023-04-11,2023-08-10,1336,130,50000,32.94,6.40,0
AMM-2023-006,FlexiJoint,BioPharm Solutions,2023-05-29,2023-07-02,442,37,100000,84.49,12.62,0
AMM-2023-007,FlexiJoint,HealthGen,2023-01-14,2023-06-11,1897,59,100000,91.94,13.87,0
AMM-2023-008,MediSafeX,CureAll,2023-02-03,2023-06-23,1316,85,200000,55.89,13.17,0
AMM-2023-009,CardioPlus,HealthGen,2023-01-21,2023-02-10,1348,40,100000,71.97,9.22,1
AMM-2023-010,CardioPlus,PharmaCorp,2023-02-28,2023-08-11,1022,14,50000,35.88,7.71,0
AMM-2023-011,PainAway,BioPharm Solutions,2023-05-22,2023-11-07,1300,32,150000,18.61,5.58,0
AMM-2023-012,PainAway,MediVita,2023-01-05,2023-01-15,1036,100,100000,52.90,10.07,1
AMM-2023-013,CardioPlus,PharmaCorp,2023-03-03,2023-08-11,908,29,50000,69.28,11.19,0
AMM-2023-014,MediSafeX,MediVita,2023-05-16,2023-06-28,1129,34,200000,27.86,5.53,0
AMM-2023-015,FlexiJoint,CureAll,2023-05-16,2023-09-26,764,41,200000,27.02,7.09,0
AMM-2023-016,CardioPlus,MediVita,2023-02-11,2023-06-13,1620,31,50000,394.98,13.25,1
AMM-2023-017,FlexiJoint,PharmaCorp,2023-06-12,2023-08-25,775,37,100000,24.15,7.36,0
AMM-2023-018,QuickHeal,CureAll,2023-06-07,2023-11-19,773,64,150000,35.50,5.98,0
AMM-2023-019,MediSafeX,CureAll,2023-04-19,2023-08-12,1133,32,150000,62.31,8.80,0
AMM-2023-020,PainAway,PharmaCorp,2023-02-14,2023-05-29,1943,62,100000,48.40,6.41,0
AMM-2023-021,PainAway,MediVita,2023-06-09,2023-08-02,1383,133,150000,69.41,13.55,0
AMM-2023-022,MediSafeX,PharmaCorp,2023-03-15,2023-07-09,1548,49,150000,62.93,14.56,0
AMM-2023-023,QuickHeal,CureAll,2023-06-18,2023-12-01,1769,128,50000,35.87,6.74,0
AMM-2023-024,FlexiJoint,PharmaCorp,2023-03-02,2023-05-06,876,69,150000,89.42,11.35,0
AMM-2023-025,QuickHeal,MediVita,2023-02-17,2023-03-10,843,53,150000,44.93,12.91,1
AMM-2023-026,PainAway,CureAll,2023-05-01,2023-05-02,1656,104,50000,24.47,7.16,1
AMM-2023-027,QuickHeal,PharmaCorp,2023-03-06,2023-03-30,1155,61,100000,209.05,12.55,1
AMM-2023-028,PainAway,BioPharm Solutions,2023-01-05,2023-02-18,1800,132,50000,60.82,12.30,0
AMM-2023-029,PainAway,MediVita,2023-04-30,2023-08-30,323,10,50000,66.94,14.55,0
AMM-2023-030,QuickHeal,HealthGen,2023-05-26,2023-06-08,797,31,200000,49.50,6.67,1
AMM-2023-031,FlexiJoint,CureAll,2023-02-09,2023-02-28,948,58,50000,84.61,12.02,1
AMM-2023-032,QuickHeal,MediVita,2023-05-04,2023-10-29,1430,59,50000,69.90,9.29,0
AMM-2023-033,QuickHeal,MediVita,2023-02-10,2023-07-21,862,39,150000,75.29,13.72,0
AMM-2023-034,FlexiJoint,HealthGen,2023-06-15,2023-07-23,759,29,50000,72.38,11.65,0
AMM-2023-035,QuickHeal,PharmaCorp,2023-05-27,2023-10-13,604,55,150000,86.35,14.00,0
AMM-2023-036,FlexiJoint,PharmaCorp,2023-05-15,2023-05-30,1779,9,100000,41.74,11.55,1
AMM-2023-037,MediSafeX,PharmaCorp,2023-01-26,2023-07-09,298,16,50000,94.69,13.76,0
AMM-2023-038,QuickHeal,HealthGen,2023-06-20,2023-09-19,1897,161,100000,48.94,14.41,0
AMM-2023-039,FlexiJoint,MediVita,2023-05-31,2023-07-09,1778,171,100000,80.24,12.21,0
AMM-2023-040,PainAway,MediVita,2023-03-17,2023-07-22,1928,117,150000,44.82,6.68,0
AMM-2023-041,FlexiJoint,CureAll,2023-04-21,2023-08-24,1993,75,150000,97.31,13.89,0
AMM-2023-042,PainAway,MediVita,2023-03-12,2023-05-16,1960,12,100000,27.83,7.43,0
AMM-2023-043,MediSafeX,PharmaCorp,2023-06-20,2023-12-16,1622,22,150000,47.63,6.15,0
AMM-2023-044,CardioPlus,MediVita,2023-01-23,2023-04-02,536,8,100000,68.18,14.32,0
AMM-2023-045,FlexiJoint,MediVita,2023-03-25,2023-06-09,798,77,200000,30.03,5.93,0
AMM-2023-046,FlexiJoint,MediVita,2023-01-16,2023-04-22,993,71,150000,89.07,14.59,0
AMM-2023-047,PainAway,BioPharm Solutions,2023-01-05,2023-03-29,801,39,200000,16.87,5.57,0
AMM-2023-048,PainAway,MediVita,2023-05-17,2023-08-27,1441,136,100000,24.24,6.86,0
AMM-2023-049,PainAway,HealthGen,2023-03-26,2023-08-06,306,16,200000,57.71,10.07,0
AMM-2023-050,CardioPlus,CureAll,2023-01-22,2023-06-07,1596,39,100000,24.68,6.50,0
AMM-2023-051,MediSafeX,CureAll,2023-02-27,2023-05-01,1252,67,100000,181.29,10.88,1
AMM-2023-052,FlexiJoint,CureAll,2023-01-27,2023-03-19,1856,99,100000,59.96,5.20,1
AMM-2023-053,CardioPlus,PharmaCorp,2023-02-20,2023-08-11,1718,74,200000,40.45,13.35,0
AMM-2023-054,CardioPlus,CureAll,2023-05-15,2023-08-09,1901,181,100000,74.39,10.91,0
AMM-2023-055,PainAway,PharmaCorp,2023-04-29,2023-08-03,385,11,200000,38.61,7.71,0
AMM-2023-056,CardioPlus,BioPharm Solutions,2023-05-16,2023-09-14,1726,89,150000,58.35,8.85,0
AMM-2023-057,CardioPlus,PharmaCorp,2023-01-09,2023-06-24,725,29,100000,65.39,8.76,0
AMM-2023-058,MediSafeX,BioPharm Solutions,2023-04-28,2023-06-23,1941,166,150000,60.99,11.57,0
AMM-2023-059,PainAway,CureAll,2023-06-25,2023-11-19,892,49,100000,24.13,6.67,0
AMM-2023-060,QuickHeal,MediVita,2023-05-15,2023-10-16,894,22,100000,54.14,7.34,0
AMM-2023-061,QuickHeal,MediVita,2023-06-23,2023-12-03,1176,49,100000,46.08,11.27,0
AMM-2023-062,QuickHeal,MediVita,2023-01-04,2023-04-19,1976,121,50000,224.79,8.66,1
AMM-2023-063,MediSafeX,HealthGen,2023-06-12,2023-08-31,365,20,50000,75.48,14.40,0
AMM-2023-064,CardioPlus,HealthGen,2023-01-30,2023-03-19,1181,26,100000,71.16,11.89,0
AMM-2023-065,CardioPlus,MediVita,2023-03-01,2023-08-02,615,25,100000,35.12,10.80,0
AMM-2023-066,QuickHeal,HealthGen,2023-04-27,2023-07-26,1162,66,200000,25.06,7.07,0
AMM-2023-067,FlexiJoint,PharmaCorp,2023-03-15,2023-08-07,969,64,150000,31.93,10.06,0
AMM-2023-068,MediSafeX,PharmaCorp,2023-03-10,2023-03-21,771,59,200000,28.72,8.94,1
AMM-2023-069,QuickHeal,MediVita,2023-03-19,2023-05-30,1275,14,150000,35.79,8.86,0
AMM-2023-070,QuickHeal,CureAll,2023-06-16,2023-09-28,1665,143,50000,95.95,5.67,1
AMM-2023-071,MediSafeX,CureAll,2023-04-27,2023-05-15,706,60,100000,46.15,7.63,1
AMM-2023-072,QuickHeal,PharmaCorp,2023-01-08,2023-03-12,1488,93,200000,65.25,8.23,0
AMM-2023-073,CardioPlus,BioPharm Solutions,2023-04-28,2023-08-28,556,50,200000,29.85,7.98,0
AMM-2023-074,QuickHeal,HealthGen,2023-02-03,2023-06-24,1700,69,150000,68.28,9.18,0
AMM-2023-075,QuickHeal,HealthGen,2023-03-24,2023-04-05,1827,62,100000,53.92,10.25,1
AMM-2023-076,CardioPlus,CureAll,2023-03-21,2023-09-12,1231,70,50000,78.73,13.30,0
AMM-2023-077,FlexiJoint,HealthGen,2023-05-15,2023-08-11,893,8,50000,33.75,8.68,0
AMM-2023-078,CardioPlus,HealthGen,2023-03-16,2023-05-15,590,31,200000,31.13,7.91,0
AMM-2023-079,MediSafeX,HealthGen,2023-02-05,2023-06-27,1422,93,200000,101.85,13.14,0
AMM-2023-080,PainAway,MediVita,2023-05-17,2023-06-03,217,18,150000,74.02,12.64,1
AMM-2023-081,QuickHeal,HealthGen,2023-06-19,2023-10-07,353,14,200000,48.38,8.46,0
AMM-2023-082,CardioPlus,PharmaCorp,2023-01-01,2023-04-13,832,63,100000,58.87,10.40,0
AMM-2023-083,MediSafeX,BioPharm Solutions,2023-05-28,2023-09-18,1277,45,100000,58.83,7.67,0
AMM-2023-084,CardioPlus,HealthGen,2023-02-02,2023-07-25,253,6,200000,34.58,9.01,0
AMM-2023-085,FlexiJoint,MediVita,2023-02-07,2023-06-29,663,10,100000,92.83,11.72,0
AMM-2023-086,MediSafeX,HealthGen,2023-01-31,2023-04-19,1854,65,200000,28.61,5.82,0
AMM-2023-087,FlexiJoint,PharmaCorp,2023-03-15,2023-07-27,1094,26,150000,41.54,13.65,0
AMM-2023-088,FlexiJoint,BioPharm Solutions,2023-06-26,2023-07-27,401,17,100000,38.79,11.83,0
AMM-2023-089,QuickHeal,PharmaCorp,2023-06-22,2023-07-21,459,10,50000,75.44,10.76,1
AMM-2023-090,PainAway,MediVita,2023-03-16,2023-05-19,421,29,200000,57.00,13.22,0
AMM-2023-091,FlexiJoint,HealthGen,2023-01-16,2023-01-17,507,10,100000,54.38,7.30,1
AMM-2023-092,CardioPlus,BioPharm Solutions,2023-05-21,2023-07-17,1404,32,200000,73.59,14.19,0
AMM-2023-093,CardioPlus,BioPharm Solutions,2023-06-29,2023-10-30,722,58,200000,45.65,6.14,0
AMM-2023-094,CardioPlus,CureAll,2023-03-17,2023-05-10,1904,189,150000,27.81,5.79,0
AMM-2023-095,QuickHeal,CureAll,2023-01-30,2023-04-18,676,11,50000,33.60,7.50,0
AMM-2023-096,PainAway,BioPharm Solutions,2023-05-26,2023-05-27,1730,17,50000,55.99,12.26,1
AMM-2023-097,FlexiJoint,CureAll,2023-05-04,2023-09-19,1936,42,50000,33.09,6.25,0
AMM-2023-098,PainAway,HealthGen,2023-06-05,2023-07-17,799,40,200000,42.51,8.97,0
AMM-2023-099,QuickHeal,MediVita,2023-01-08,2023-05-01,1457,8,200000,44.05,7.10,0
AMM-2023-100,FlexiJoint,PharmaCorp,2023-06-08,2023-09-19,288,5,200000,53.58,15.00,0
AMM-2023-101,PainAway,HealthGen,2023-05-31,2023-11-08,409,39,150000,25.98,7.55,0
AMM-2023-102,QuickHeal,HealthGen,2023-04-20,2023-09-02,1743,71,100000,69.27,11.12,0
AMM-2023-103,PainAway,CureAll,2023-01-17,2023-06-14,1889,48,100000,35.97,7.89,0
AMM-2023-104,MediSafeX,BioPharm Solutions,2023-05-16,2023-09-27,741,18,200000,46.16,9.69,0
AMM-2023-105,MediSafeX,CureAll,2023-03-09,2023-03-12,274,5,150000,44.48,6.93,1
AMM-2023-106,PainAway,HealthGen,2023-01-07,2023-05-25,545,20,150000,63.75,12.37,0
AMM-2023-107,QuickHeal,BioPharm Solutions,2023-04-01,2023-09-13,1489,73,200000,40.97,8.44,0
AMM-2023-108,PainAway,BioPharm Solutions,2023-05-21,2023-08-03,591,14,100000,63.27,8.81,0
AMM-2023-109,MediSafeX,BioPharm Solutions,2023-03-08,2023-09-03,391,20,50000,66.39,11.12,0
AMM-2023-110,MediSafeX,PharmaCorp,2023-01-20,2023-02-07,979,66,200000,38.48,5.47,1
AMM-2023-111,CardioPlus,CureAll,2023-02-28,2023-07-21,369,9,50000,36.96,7.69,0
AMM-2023-112,QuickHeal,PharmaCorp,2023-03-17,2023-05-25,660,12,150000,57.64,10.02,0
AMM-2023-113,FlexiJoint,BioPharm Solutions,2023-01-23,2023-01-27,1981,11,150000,35.01,10.17,1
AMM-2023-114,FlexiJoint,BioPharm Solutions,2023-06-02,2023-07-01,1363,20,150000,29.04,7.47,1
AMM-2023-115,QuickHeal,CureAll,2023-05-01,2023-09-07,1800,33,50000,65.77,10.78,0
AMM-2023-116,FlexiJoint,CureAll,2023-03-16,2023-08-15,1105,95,50000,77.06,10.54,0
AMM-2023-117,QuickHeal,CureAll,2023-06-22,2023-12-16,1994,169,100000,65.43,8.24,0
AMM-2023-118,QuickHeal,PharmaCorp,2023-05-06,2023-08-06,1547,63,200000,27.76,7.54,0
AMM-2023-119,QuickHeal,HealthGen,2023-01-28,2023-05-03,1508,109,100000,85.00,14.13,0
AMM-2023-120,FlexiJoint,HealthGen,2023-06-09,2023-08-18,1975,121,200000,53.01,6.69,0
AMM-2023-121,CardioPlus,HealthGen,2023-01-20,2023-03-14,308,13,50000,59.92,14.55,0
AMM-2023-122,FlexiJoint,PharmaCorp,2023-05-28,2023-08-11,1119,85,50000,20.29,6.37,0
AMM-2023-123,PainAway,MediVita,2023-01-07,2023-01-14,1184,100,150000,65.07,13.71,1
AMM-2023-124,FlexiJoint,MediVita,2023-02-21,2023-04-30,742,44,200000,56.61,9.82,0
AMM-2023-125,QuickHeal,BioPharm Solutions,2023-06-30,2023-10-01,979,23,50000,41.27,7.16,0
AMM-2023-126,CardioPlus,BioPharm Solutions,2023-06-11,2023-11-30,1639,141,100000,19.28,5.61,0
AMM-2023-127,MediSafeX,MediVita,2023-04-15,2023-09-08,1476,145,100000,77.31,10.08,0
AMM-2023-128,CardioPlus,MediVita,2023-01-27,2023-07-04,1086,23,50000,42.30,9.99,0
AMM-2023-129,CardioPlus,CureAll,2023-01-29,2023-03-17,1986,9,100000,98.38,13.50,0
AMM-2023-130,MediSafeX,BioPharm Solutions,2023-05-28,2023-09-13,996,15,150000,25.95,6.42,0
AMM-2023-131,MediSafeX,BioPharm Solutions,2023-05-01,2023-09-16,1565,63,200000,180.01,11.73,1
AMM-2023-132,MediSafeX,CureAll,2023-04-04,2023-05-01,1587,93,100000,91.71,13.42,1
AMM-2023-133,QuickHeal,BioPharm Solutions,2023-01-26,2023-04-21,1858,67,200000,29.36,8.58,0
AMM-2023-134,FlexiJoint,CureAll,2023-01-25,2023-03-22,1917,180,100000,48.05,12.29,0
AMM-2023-135,PainAway,CureAll,2023-05-29,2023-11-06,923,23,50000,42.54,5.49,0
AMM-2023-136,FlexiJoint,MediVita,2023-03-20,2023-06-25,427,42,50000,43.48,12.56,0
AMM-2023-137,FlexiJoint,CureAll,2023-02-06,2023-02-08,1950,184,150000,100.15,14.31,1
AMM-2023-138,CardioPlus,PharmaCorp,2023-06-23,2023-11-19,1341,53,50000,59.60,7.46,0
AMM-2023-139,MediSafeX,BioPharm Solutions,2023-01-31,2023-02-02,1411,86,200000,42.84,7.80,1
AMM-2023-140,FlexiJoint,PharmaCorp,2023-06-25,2023-09-19,465,37,100000,88.05,14.67,0
AMM-2023-141,QuickHeal,HealthGen,2023-05-20,2023-05-24,1662,112,150000,43.94,7.45,1
AMM-2023-142,FlexiJoint,MediVita,2023-04-07,2023-09-20,469,28,150000,55.90,7.74,0
AMM-2023-143,FlexiJoint,BioPharm Solutions,2023-06-06,2023-10-30,1688,160,200000,35.01,8.62,0
AMM-2023-144,PainAway,PharmaCorp,2023-01-29,2023-07-19,398,37,50000,37.35,9.06,0
AMM-2023-145,PainAway,MediVita,2023-06-05,2023-08-08,1961,154,100000,45.83,5.97,0
AMM-2023-146,QuickHeal,HealthGen,2023-03-19,2023-08-05,959,93,200000,73.18,11.59,0
AMM-2023-147,QuickHeal,PharmaCorp,2023-06-21,2023-10-06,664,46,100000,57.61,14.74,0
AMM-2023-148,CardioPlus,BioPharm Solutions,2023-02-21,2023-07-26,881,82,50000,42.67,11.38,0
AMM-2023-149,MediSafeX,BioPharm Solutions,2023-03-28,2023-06-01,1092,36,100000,41.80,12.66,0
AMM-2023-150,FlexiJoint,PharmaCorp,2023-04-13,2023-04-14,1017,77,100000,41.84,7.52,1
AMM-2023-151,MediSafeX,MediVita,2023-05-11,2023-06-11,917,7,200000,85.85,12.53,0
AMM-2023-152,QuickHeal,PharmaCorp,2023-02-28,2023-08-21,1263,103,150000,61.12,12.73,0
AMM-2023-153,MediSafeX,CureAll,2023-03-27,2023-05-12,973,45,200000,71.37,11.28,0
AMM-2023-154,PainAway,BioPharm Solutions,2023-04-21,2023-08-23,955,80,100000,76.44,11.33,0
AMM-2023-155,QuickHeal,HealthGen,2023-02-04,2023-08-01,1379,36,50000,35.56,6.31,0
AMM-2023-156,FlexiJoint,PharmaCorp,2023-05-19,2023-11-14,1902,54,150000,34.53,6.16,0
AMM-2023-157,PainAway,MediVita,2023-01-03,2023-06-11,489,34,150000,273.47,11.29,1
AMM-2023-158,CardioPlus,MediVita,2023-02-05,2023-05-09,1275,72,100000,42.77,7.33,0
AMM-2023-159,MediSafeX,PharmaCorp,2023-04-22,2023-06-19,516,48,200000,62.36,13.51,0
AMM-2023-160,CardioPlus,BioPharm Solutions,2023-02-19,2023-06-22,439,11,100000,52.13,8.23,0
AMM-2023-161,QuickHeal,HealthGen,2023-05-08,2023-06-30,1405,15,150000,61.34,9.12,0
AMM-2023-162,QuickHeal,MediVita,2023-05-07,2023-09-04,837,25,150000,37.98,10.15,0
AMM-2023-163,CardioPlus,BioPharm Solutions,2023-04-17,2023-07-19,1706,8,100000,68.98,14.72,0
AMM-2023-164,CardioPlus,HealthGen,2023-01-25,2023-06-29,468,37,50000,77.82,11.35,0
AMM-2023-165,PainAway,HealthGen,2023-05-05,2023-09-12,1190,24,100000,152.11,9.03,1
AMM-2023-166,FlexiJoint,BioPharm Solutions,2023-01-06,2023-05-20,1609,37,200000,56.92,9.38,0
AMM-2023-167,MediSafeX,BioPharm Solutions,2023-01-02,2023-07-01,1367,123,50000,52.86,9.96,0
AMM-2023-168,FlexiJoint,BioPharm Solutions,2023-05-26,2023-08-30,346,9,200000,72.28,13.02,0
AMM-2023-169,MediSafeX,PharmaCorp,2023-01-17,2023-02-01,1989,95,100000,83.63,14.60,1
AMM-2023-170,PainAway,PharmaCorp,2023-05-24,2023-10-14,1266,97,50000,59.91,8.10,0
AMM-2023-171,MediSafeX,CureAll,2023-05-08,2023-09-21,1257,113,150000,39.67,9.83,0
AMM-2023-172,FlexiJoint,HealthGen,2023-04-17,2023-04-25,801,46,200000,109.35,14.45,1
AMM-2023-173,MediSafeX,HealthGen,2023-05-02,2023-06-29,590,57,150000,53.90,12.90,0
AMM-2023-174,MediSafeX,CureAll,2023-04-19,2023-09-27,1649,157,50000,21.74,6.70,0
AMM-2023-175,FlexiJoint,CureAll,2023-02-13,2023-08-05,791,9,150000,29.35,8.36,0
AMM-2023-176,PainAway,CureAll,2023-05-09,2023-07-03,361,18,150000,88.53,13.97,0
AMM-2023-177,PainAway,BioPharm Solutions,2023-01-12,2023-03-17,1916,146,100000,33.92,7.00,0
AMM-2023-178,CardioPlus,PharmaCorp,2023-04-05,2023-07-27,1778,87,150000,57.61,14.90,0
AMM-2023-179,PainAway,MediVita,2023-05-18,2023-07-19,230,5,50000,32.40,6.70,0
AMM-2023-180,PainAway,PharmaCorp,2023-04-15,2023-07-08,714,23,150000,65.92,8.44,0
AMM-2023-181,QuickHeal,HealthGen,2023-05-25,2023-11-09,1149,20,50000,33.78,8.37,0
AMM-2023-182,PainAway,CureAll,2023-03-15,2023-07-11,410,26,100000,71.88,10.07,0
AMM-2023-183,CardioPlus,HealthGen,2023-05-20,2023-05-28,1285,69,150000,75.88,10.48,1
AMM-2023-184,QuickHeal,CureAll,2023-01-21,2023-01-30,1661,160,100000,93.66,12.40,1
AMM-2023-185,FlexiJoint,HealthGen,2023-02-18,2023-06-21,1041,61,200000,49.91,10.51,0
AMM-2023-186,PainAway,CureAll,2023-05-16,2023-07-04,1069,98,50000,68.19,13.04,0
AMM-2023-187,PainAway,BioPharm Solutions,2023-03-15,2023-08-08,1604,151,100000,64.58,11.74,0
AMM-2023-188,CardioPlus,PharmaCorp,2023-04-11,2023-05-21,1072,75,150000,22.42,7.31,0
AMM-2023-189,FlexiJoint,PharmaCorp,2023-03-25,2023-04-16,1827,29,50000,47.71,14.34,1
AMM-2023-190,CardioPlus,BioPharm Solutions,2023-06-17,2023-09-02,1708,145,50000,36.88,8.33,0
AMM-2023-191,QuickHeal,PharmaCorp,2023-05-17,2023-10-16,706,59,100000,60.79,12.19,0
AMM-2023-192,QuickHeal,MediVita,2023-05-31,2023-07-10,1065,89,200000,39.94,5.37,0
AMM-2023-193,FlexiJoint,PharmaCorp,2023-06-18,2023-12-11,1442,34,200000,72.61,10.55,0
AMM-2023-194,QuickHeal,PharmaCorp,2023-02-02,2023-02-20,1694,148,150000,63.71,9.19,1
AMM-2023-195,PainAway,PharmaCorp,2023-03-30,2023-09-17,715,25,150000,21.88,6.75,0
AMM-2023-196,FlexiJoint,BioPharm Solutions,2023-03-05,2023-05-07,1245,115,150000,30.85,9.74,0
AMM-2023-197,CardioPlus,MediVita,2023-06-26,2023-11-18,817,56,150000,49.48,6.53,0
AMM-2023-198,QuickHeal,CureAll,2023-06-09,2023-11-14,1180,18,100000,17.08,5.26,0
AMM-2023-199,MediSafeX,PharmaCorp,2023-04-12,2023-07-21,1283,55,50000,172.94,6.29,1
AMM-2023-200,QuickHeal,HealthGen,2023-04-21,2023-07-29,666,35,50000,39.97,7.13,0
AMM-2023-201,PainAway,PharmaCorp,2023-03-19,2023-04-15,1015,83,200000,23.32,5.22,1
AMM-2023-202,CardioPlus,PharmaCorp,2023-04-17,2023-04-23,587,22,100000,68.73,9.18,1
AMM-2023-203,FlexiJoint,MediVita,2023-06-23,2023-09-17,1667,44,150000,58.82,10.03,0
AMM-2023-204,QuickHeal,HealthGen,2023-05-05,2023-05-06,1324,50,100000,34.67,8.40,1
AMM-2023-205,PainAway,HealthGen,2023-05-05,2023-07-21,1302,112,150000,58.07,11.97,0
AMM-2023-206,MediSafeX,MediVita,2023-03-24,2023-04-22,1421,97,100000,17.82,5.79,1
AMM-2023-207,MediSafeX,BioPharm Solutions,2023-02-16,2023-04-29,1196,45,200000,57.06,12.69,0
AMM-2023-208,FlexiJoint,HealthGen,2023-01-27,2023-04-05,290,5,50000,51.00,14.28,0
AMM-2023-209,PainAway,BioPharm Solutions,2023-01-06,2023-01-16,1287,77,50000,53.76,8.13,1
AMM-2023-210,MediSafeX,BioPharm Solutions,2023-06-25,2023-08-31,1213,19,200000,26.29,8.46,0
AMM-2023-211,CardioPlus,BioPharm Solutions,2023-06-13,2023-09-23,371,29,200000,83.01,12.63,0
AMM-2023-212,CardioPlus,BioPharm Solutions,2023-01-31,2023-06-13,296,23,150000,20.33,5.73,0
AMM-2023-213,FlexiJoint,CureAll,2023-01-16,2023-05-01,763,72,100000,65.21,11.60,0
AMM-2023-214,FlexiJoint,MediVita,2023-04-07,2023-04-13,1257,94,100000,85.25,12.61,1
AMM-2023-215,QuickHeal,MediVita,2023-03-03,2023-05-22,1234,36,150000,51.37,8.85,0
AMM-2023-216,QuickHeal,PharmaCorp,2023-05-03,2023-08-18,1215,40,50000,85.75,11.22,0
AMM-2023-217,PainAway,BioPharm Solutions,2023-01-15,2023-06-28,382,30,200000,68.23,8.54,0
AMM-2023-218,QuickHeal,PharmaCorp,2023-03-29,2023-04-24,1710,95,200000,43.69,10.45,1
AMM-2023-219,FlexiJoint,CureAll,2023-06-14,2023-09-13,382,18,200000,88.16,11.06,0
AMM-2023-220,FlexiJoint,MediVita,2023-04-02,2023-04-15,1735,10,200000,71.35,12.28,1
AMM-2023-221,PainAway,HealthGen,2023-06-18,2023-12-03,1340,130,150000,41.07,10.74,0
AMM-2023-222,CardioPlus,PharmaCorp,2023-06-03,2023-06-06,365,19,100000,24.17,5.86,1
AMM-2023-223,FlexiJoint,PharmaCorp,2023-06-12,2023-09-10,1779,33,200000,107.85,13.81,0
AMM-2023-224,QuickHeal,BioPharm Solutions,2023-06-22,2023-06-25,1207,58,200000,82.63,14.78,1
AMM-2023-225,PainAway,MediVita,2023-03-19,2023-08-07,854,24,150000,73.34,9.50,0
AMM-2023-226,MediSafeX,CureAll,2023-03-27,2023-08-13,1987,42,50000,57.83,12.05,0
AMM-2023-227,FlexiJoint,BioPharm Solutions,2023-04-17,2023-07-07,862,32,150000,76.93,12.24,0
AMM-2023-228,MediSafeX,CureAll,2023-04-17,2023-08-14,1807,124,50000,24.07,5.06,0
AMM-2023-229,PainAway,PharmaCorp,2023-02-05,2023-06-12,617,27,50000,34.67,5.49,0
AMM-2023-230,MediSafeX,HealthGen,2023-05-12,2023-10-23,1945,23,200000,65.89,12.69,0
AMM-2023-231,MediSafeX,BioPharm Solutions,2023-06-21,2023-11-11,1336,102,100000,61.83,11.35,0
AMM-2023-232,QuickHeal,PharmaCorp,2023-05-31,2023-11-27,1922,161,150000,41.22,9.01,0
AMM-2023-233,MediSafeX,BioPharm Solutions,2023-02-16,2023-03-07,787,53,150000,39.47,5.91,1
AMM-2023-234,PainAway,CureAll,2023-04-15,2023-07-27,643,60,150000,36.36,11.41,0
AMM-2023-235,FlexiJoint,HealthGen,2023-02-28,2023-03-09,418,21,150000,44.84,6.86,1
AMM-2023-236,FlexiJoint,BioPharm Solutions,2023-02-07,2023-03-19,592,8,50000,86.76,11.42,0
AMM-2023-237,MediSafeX,HealthGen,2023-03-11,2023-06-27,1497,26,50000,36.11,5.91,0
AMM-2023-238,FlexiJoint,MediVita,2023-03-30,2023-06-22,1605,151,100000,162.33,5.69,1
AMM-2023-239,CardioPlus,BioPharm Solutions,2023-02-17,2023-03-06,793,51,50000,62.74,9.01,1
AMM-2023-240,PainAway,PharmaCorp,2023-05-23,2023-07-18,1486,103,200000,62.88,12.37,0
AMM-2023-241,MediSafeX,HealthGen,2023-03-01,2023-04-17,1936,116,50000,29.34,8.59,0
AMM-2023-242,QuickHeal,BioPharm Solutions,2023-01-02,2023-02-17,1325,31,150000,44.29,9.49,0
AMM-2023-243,MediSafeX,CureAll,2023-04-09,2023-04-20,440,41,200000,97.60,13.20,1
AMM-2023-244,QuickHeal,BioPharm Solutions,2023-01-01,2023-03-18,1986,147,150000,82.34,11.76,0
AMM-2023-245,PainAway,BioPharm Solutions,2023-05-16,2023-11-09,1594,142,200000,56.85,8.86,0
AMM-2023-246,PainAway,HealthGen,2023-05-14,2023-10-22,1502,60,50000,50.00,6.35,0
AMM-2023-247,CardioPlus,PharmaCorp,2023-03-31,2023-09-02,1613,66,200000,42.77,11.00,0
AMM-2023-248,QuickHeal,PharmaCorp,2023-05-23,2023-07-22,1235,69,100000,38.26,7.68,0
AMM-2023-249,PainAway,HealthGen,2023-02-15,2023-07-16,1581,87,200000,91.57,14.66,0
AMM-2023-250,PainAway,PharmaCorp,2023-06-15,2023-10-22,908,73,50000,25.99,8.16,0
AMM-2023-251,PainAway,PharmaCorp,2023-03-05,2023-08-20,1931,73,100000,89.23,14.01,0
AMM-2023-252,CardioPlus,MediVita,2023-01-08,2023-04-24,651,14,100000,46.12,6.32,0
AMM-2023-253,MediSafeX,BioPharm Solutions,2023-02-01,2023-03-26,513,28,200000,77.33,10.95,0
AMM-2023-254,PainAway,MediVita,2023-05-07,2023-06-09,612,54,100000,75.22,12.77,0
AMM-2023-255,PainAway,BioPharm Solutions,2023-01-30,2023-03-24,726,65,50000,83.13,13.64,0
AMM-2023-256,FlexiJoint,PharmaCorp,2023-04-16,2023-05-18,259,15,50000,55.21,13.44,0
AMM-2023-257,FlexiJoint,PharmaCorp,2023-04-18,2023-09-08,1302,39,50000,42.07,6.95,0
AMM-2023-258,CardioPlus,BioPharm Solutions,2023-03-10,2023-04-24,435,37,150000,37.77,6.24,0
AMM-2023-259,QuickHeal,MediVita,2023-01-09,2023-03-23,1685,101,150000,19.40,5.94,0
AMM-2023-260,PainAway,HealthGen,2023-01-17,2023-06-22,363,6,150000,50.55,8.32,0
AMM-2023-261,CardioPlus,MediVita,2023-01-06,2023-06-20,1647,35,50000,48.40,9.97,0
AMM-2023-262,CardioPlus,CureAll,2023-05-31,2023-09-09,1370,111,100000,52.55,9.13,0
AMM-2023-263,MediSafeX,PharmaCorp,2023-02-13,2023-07-31,543,45,150000,38.53,6.40,0
AMM-2023-264,FlexiJoint,PharmaCorp,2023-02-14,2023-02-23,1056,30,200000,160.00,10.83,1
AMM-2023-265,QuickHeal,MediVita,2023-04-21,2023-09-30,1845,168,50000,42.45,10.26,0
AMM-2023-266,QuickHeal,MediVita,2023-03-18,2023-04-20,816,72,150000,57.65,11.13,0
AMM-2023-267,CardioPlus,HealthGen,2023-02-23,2023-05-14,1554,86,100000,53.87,7.11,0
AMM-2023-268,FlexiJoint,PharmaCorp,2023-01-16,2023-07-11,257,15,150000,42.00,6.75,0
AMM-2023-269,QuickHeal,BioPharm Solutions,2023-06-27,2023-10-14,1038,96,100000,227.37,9.95,1
AMM-2023-270,QuickHeal,HealthGen,2023-05-01,2023-10-08,1604,66,150000,54.72,8.02,0
AMM-2023-271,FlexiJoint,PharmaCorp,2023-04-14,2023-07-01,1619,41,100000,289.16,10.30,1
AMM-2023-272,MediSafeX,PharmaCorp,2023-02-05,2023-03-07,630,37,50000,54.68,13.11,0
AMM-2023-273,FlexiJoint,CureAll,2023-04-05,2023-06-04,1467,46,100000,48.37,6.94,0
AMM-2023-274,QuickHeal,HealthGen,2023-04-03,2023-05-10,496,44,100000,102.90,14.00,0
AMM-2023-275,CardioPlus,CureAll,2023-05-03,2023-09-15,1223,59,150000,43.00,12.13,0
AMM-2023-276,QuickHeal,CureAll,2023-01-08,2023-06-04,1016,20,100000,41.28,10.27,0
AMM-2023-277,PainAway,MediVita,2023-03-26,2023-07-14,1703,19,100000,35.44,6.88,0
AMM-2023-278,PainAway,HealthGen,2023-01-05,2023-02-11,664,23,150000,21.91,7.14,0
AMM-2023-279,PainAway,BioPharm Solutions,2023-01-24,2023-02-06,1298,65,150000,64.61,12.50,1
AMM-2023-280,FlexiJoint,MediVita,2023-04-06,2023-06-11,1151,52,50000,65.33,13.42,0
AMM-2023-281,MediSafeX,CureAll,2023-05-24,2023-07-01,739,58,150000,32.59,7.44,0
AMM-2023-282,CardioPlus,MediVita,2023-03-01,2023-05-17,1766,16,150000,75.16,11.56,0
AMM-2023-283,MediSafeX,HealthGen,2023-05-15,2023-10-30,1264,111,200000,101.19,14.65,0
AMM-2023-284,FlexiJoint,PharmaCorp,2023-02-03,2023-04-04,1577,6,50000,350.45,11.70,1
AMM-2023-285,CardioPlus,BioPharm Solutions,2023-06-27,2023-12-04,1275,16,150000,94.08,12.50,0
AMM-2023-286,FlexiJoint,CureAll,2023-02-17,2023-04-03,1897,87,200000,67.82,13.45,0
AMM-2023-287,MediSafeX,CureAll,2023-06-17,2023-11-23,290,16,100000,52.04,9.28,0
AMM-2023-288,FlexiJoint,CureAll,2023-04-09,2023-05-03,1328,20,100000,349.59,12.74,1
AMM-2023-289,FlexiJoint,CureAll,2023-04-26,2023-09-29,672,53,50000,83.12,14.43,0
AMM-2023-290,MediSafeX,CureAll,2023-03-31,2023-04-17,1321,44,150000,162.54,14.08,1
AMM-2023-291,PainAway,PharmaCorp,2023-03-14,2023-07-18,616,60,50000,52.13,7.24,0
AMM-2023-292,FlexiJoint,MediVita,2023-03-05,2023-08-07,687,64,150000,62.78,8.46,0
AMM-2023-293,CardioPlus,MediVita,2023-02-05,2023-06-28,1970,160,200000,28.42,8.71,0
AMM-2023-294,PainAway,BioPharm Solutions,2023-06-10,2023-09-28,1999,159,150000,30.32,8.88,0
AMM-2023-295,QuickHeal,CureAll,2023-02-19,2023-02-28,918,65,150000,61.71,9.50,1
AMM-2023-296,CardioPlus,HealthGen,2023-06-18,2023-10-27,891,8,150000,72.71,10.58,0
AMM-2023-297,FlexiJoint,HealthGen,2023-03-01,2023-05-22,1482,22,200000,34.85,6.17,0
AMM-2023-298,PainAway,PharmaCorp,2023-02-27,2023-03-06,373,18,200000,61.77,9.05,1
AMM-2023-299,QuickHeal,MediVita,2023-03-10,2023-03-27,937,52,150000,36.65,5.03,1
AMM-2023-300,PainAway,HealthGen,2023-06-22,2023-08-30,688,22,100000,64.57,8.39,0
AMM-2023-301,PainAway,MediVita,2023-05-21,2023-05-26,1388,67,50000,39.58,9.89,1
AMM-2023-302,PainAway,PharmaCorp,2023-05-25,2023-10-17,1198,97,50000,40.95,7.65,0
AMM-2023-303,MediSafeX,HealthGen,2023-04-02,2023-07-23,254,20,150000,76.36,14.76,0
AMM-2023-304,FlexiJoint,BioPharm Solutions,2023-05-04,2023-06-14,1075,11,50000,38.83,5.28,0
AMM-2023-305,PainAway,HealthGen,2023-03-21,2023-06-01,1286,24,50000,50.89,7.10,0
AMM-2023-306,PainAway,HealthGen,2023-02-07,2023-05-28,910,78,50000,36.79,11.30,0
AMM-2023-307,FlexiJoint,CureAll,2023-03-04,2023-05-26,569,37,50000,23.18,5.35,0
AMM-2023-308,QuickHeal,HealthGen,2023-01-12,2023-02-09,1015,20,150000,26.97,5.76,1
AMM-2023-309,FlexiJoint,HealthGen,2023-03-21,2023-08-05,1735,77,200000,139.08,5.05,1
AMM-2023-310,FlexiJoint,BioPharm Solutions,2023-01-16,2023-02-03,1528,100,50000,51.49,12.22,1
AMM-2023-311,PainAway,HealthGen,2023-04-09,2023-04-23,491,16,150000,55.21,8.38,1
AMM-2023-312,CardioPlus,MediVita,2023-05-10,2023-07-30,301,14,150000,66.48,12.45,0
AMM-2023-313,CardioPlus,MediVita,2023-04-03,2023-04-04,825,74,150000,67.59,14.16,1
AMM-2023-314,MediSafeX,HealthGen,2023-01-14,2023-02-24,1536,23,200000,56.50,9.78,0
AMM-2023-315,CardioPlus,CureAll,2023-06-10,2023-07-29,208,14,100000,64.05,14.11,0
AMM-2023-316,QuickHeal,MediVita,2023-02-23,2023-07-16,1193,30,150000,79.65,11.61,0
AMM-2023-317,CardioPlus,MediVita,2023-06-26,2023-09-01,1273,66,100000,27.98,6.50,0
AMM-2023-318,QuickHeal,MediVita,2023-05-01,2023-05-06,1315,12,200000,27.44,9.00,1
AMM-2023-319,QuickHeal,HealthGen,2023-05-12,2023-10-23,277,7,150000,61.99,8.32,0
AMM-2023-320,QuickHeal,BioPharm Solutions,2023-04-29,2023-10-15,1548,131,50000,42.91,9.89,0
AMM-2023-321,MediSafeX,BioPharm Solutions,2023-01-22,2023-06-03,1925,41,150000,52.25,7.64,0
AMM-2023-322,PainAway,CureAll,2023-06-24,2023-10-22,1917,180,200000,48.00,7.10,0
AMM-2023-323,QuickHeal,MediVita,2023-06-12,2023-11-06,1045,60,50000,79.04,11.18,0
AMM-2023-324,QuickHeal,PharmaCorp,2023-05-23,2023-07-27,1789,128,150000,64.12,13.02,0
AMM-2023-325,MediSafeX,MediVita,2023-05-04,2023-07-19,1553,122,150000,60.73,11.94,0
AMM-2023-326,CardioPlus,MediVita,2023-04-23,2023-05-20,595,53,150000,83.88,11.73,1
AMM-2023-327,FlexiJoint,BioPharm Solutions,2023-03-15,2023-04-28,1627,141,100000,53.97,14.49,0
AMM-2023-328,MediSafeX,CureAll,2023-06-12,2023-09-27,1643,44,100000,101.43,14.64,0
AMM-2023-329,PainAway,HealthGen,2023-05-15,2023-09-01,1764,7,50000,86.22,10.92,0
AMM-2023-330,CardioPlus,PharmaCorp,2023-01-31,2023-07-10,688,33,100000,58.72,7.56,0
AMM-2023-331,FlexiJoint,MediVita,2023-02-22,2023-05-21,880,75,200000,35.90,5.65,0
AMM-2023-332,PainAway,HealthGen,2023-04-14,2023-05-23,1012,89,100000,31.24,5.49,0
AMM-2023-333,QuickHeal,PharmaCorp,2023-04-28,2023-05-03,1773,90,200000,81.82,11.78,1
AMM-2023-334,MediSafeX,CureAll,2023-04-03,2023-09-13,244,17,100000,62.28,13.31,0
AMM-2023-335,MediSafeX,BioPharm Solutions,2023-02-04,2023-06-10,1520,22,150000,70.80,14.63,0
AMM-2023-336,QuickHeal,BioPharm Solutions,2023-06-15,2023-11-15,738,10,200000,69.92,12.22,0
AMM-2023-337,MediSafeX,MediVita,2023-02-21,2023-08-04,1404,69,100000,52.89,10.99,0
AMM-2023-338,PainAway,MediVita,2023-01-03,2023-03-18,955,75,50000,25.49,7.58,0
AMM-2023-339,QuickHeal,MediVita,2023-05-06,2023-08-12,1673,142,50000,25.42,6.15,0
AMM-2023-340,FlexiJoint,HealthGen,2023-05-06,2023-07-04,920,20,150000,87.50,14.38,0
AMM-2023-341,MediSafeX,MediVita,2023-05-09,2023-09-14,1032,7,150000,71.79,10.98,0
AMM-2023-342,MediSafeX,MediVita,2023-02-16,2023-04-29,380,5,100000,23.49,7.37,0
AMM-2023-343,PainAway,MediVita,2023-04-28,2023-05-10,1783,154,50000,40.75,11.93,1
AMM-2023-344,PainAway,MediVita,2023-05-19,2023-07-15,1261,19,100000,92.38,14.74,0
AMM-2023-345,MediSafeX,BioPharm Solutions,2023-03-27,2023-08-26,385,30,100000,30.96,7.70,0
AMM-2023-346,PainAway,HealthGen,2023-04-11,2023-07-03,808,48,100000,50.98,12.97,0
AMM-2023-347,FlexiJoint,CureAll,2023-01-19,2023-01-22,269,20,100000,100.57,13.03,1
AMM-2023-348,PainAway,PharmaCorp,2023-04-08,2023-10-05,366,20,100000,228.67,9.41,1
AMM-2023-349,CardioPlus,PharmaCorp,2023-01-31,2023-04-29,1634,68,50000,26.45,7.36,0
AMM-2023-350,CardioPlus,MediVita,2023-05-26,2023-09-12,625,6,200000,78.17,12.96,0
AMM-2023-351,FlexiJoint,PharmaCorp,2023-04-27,2023-05-09,1124,49,150000,50.34,10.58,1
AMM-2023-352,FlexiJoint,CureAll,2023-04-20,2023-05-31,951,71,100000,229.27,13.32,1
AMM-2023-353,MediSafeX,PharmaCorp,2023-06-13,2023-08-13,299,16,200000,44.75,6.94,0
AMM-2023-354,FlexiJoint,BioPharm Solutions,2023-01-05,2023-01-13,690,55,200000,51.42,10.96,1
AMM-2023-355,MediSafeX,HealthGen,2023-01-11,2023-05-25,1852,38,50000,94.23,11.96,0
AMM-2023-356,QuickHeal,CureAll,2023-02-11,2023-06-25,1786,112,150000,133.97,9.90,1
AMM-2023-357,FlexiJoint,CureAll,2023-01-28,2023-07-22,751,40,100000,57.51,11.70,0
AMM-2023-358,FlexiJoint,HealthGen,2023-05-21,2023-06-08,1929,101,200000,49.20,10.45,1
AMM-2023-359,FlexiJoint,MediVita,2023-05-05,2023-07-01,982,70,150000,58.02,13.13,0
AMM-2023-360,MediSafeX,CureAll,2023-04-11,2023-08-20,460,10,200000,108.08,14.31,0
AMM-2023-361,QuickHeal,MediVita,2023-04-08,2023-09-22,921,84,200000,44.19,10.78,0
AMM-2023-362,MediSafeX,BioPharm Solutions,2023-06-22,2023-10-04,1941,104,150000,34.90,5.76,0
AMM-2023-363,QuickHeal,CureAll,2023-03-17,2023-06-22,2000,65,100000,66.36,10.02,0
AMM-2023-364,MediSafeX,PharmaCorp,2023-06-13,2023-11-17,1583,24,150000,53.21,10.89,0
AMM-2023-365,MediSafeX,MediVita,2023-04-24,2023-06-22,1063,102,50000,41.84,8.41,0
AMM-2023-366,PainAway,HealthGen,2023-05-23,2023-09-02,1710,88,150000,26.77,5.59,0
AMM-2023-367,CardioPlus,MediVita,2023-01-22,2023-02-08,949,29,200000,54.64,7.69,1
AMM-2023-368,PainAway,CureAll,2023-04-19,2023-05-18,614,12,50000,73.12,9.66,1
AMM-2023-369,MediSafeX,PharmaCorp,2023-06-02,2023-08-17,1861,38,100000,87.53,12.84,0
AMM-2023-370,PainAway,MediVita,2023-03-10,2023-03-12,501,10,200000,22.83,6.23,1
AMM-2023-371,QuickHeal,CureAll,2023-06-19,2023-06-20,429,37,50000,28.26,9.10,1
AMM-2023-372,QuickHeal,MediVita,2023-02-12,2023-03-09,960,17,50000,41.88,9.77,1
AMM-2023-373,FlexiJoint,PharmaCorp,2023-06-21,2023-11-03,1634,158,50000,47.60,14.82,0
AMM-2023-374,CardioPlus,MediVita,2023-03-13,2023-08-29,1260,27,200000,81.20,14.20,0
AMM-2023-375,PainAway,MediVita,2023-04-06,2023-09-29,1414,81,50000,102.70,14.36,0
AMM-2023-376,MediSafeX,MediVita,2023-06-17,2023-11-11,1383,70,100000,46.89,6.11,0
AMM-2023-377,PainAway,CureAll,2023-06-15,2023-08-26,1712,73,150000,43.54,11.74,0
AMM-2023-378,QuickHeal,CureAll,2023-01-23,2023-02-22,745,36,200000,21.59,5.18,0
AMM-2023-379,CardioPlus,HealthGen,2023-03-17,2023-08-09,1237,24,200000,47.83,6.03,0
AMM-2023-380,QuickHeal,CureAll,2023-03-18,2023-04-28,1709,105,150000,28.81,8.00,0
AMM-2023-381,FlexiJoint,CureAll,2023-02-13,2023-08-02,1824,128,50000,102.76,13.98,0
AMM-2023-382,QuickHeal,HealthGen,2023-05-12,2023-10-27,461,34,200000,69.65,11.13,0
AMM-2023-383,PainAway,MediVita,2023-06-12,2023-09-10,1249,63,50000,62.44,12.94,0
AMM-2023-384,PainAway,BioPharm Solutions,2023-01-25,2023-07-15,578,7,50000,135.63,6.80,1
AMM-2023-385,CardioPlus,HealthGen,2023-05-30,2023-09-16,1901,116,100000,53.54,7.76,0
AMM-2023-386,FlexiJoint,CureAll,2023-04-11,2023-08-25,308,29,50000,38.45,10.68,0
AMM-2023-387,QuickHeal,HealthGen,2023-05-27,2023-11-15,1887,109,100000,37.16,6.82,0
AMM-2023-388,QuickHeal,CureAll,2023-02-21,2023-05-08,836,58,200000,60.25,8.38,0
AMM-2023-389,FlexiJoint,MediVita,2023-03-29,2023-06-07,587,8,150000,72.69,12.92,0
AMM-2023-390,MediSafeX,CureAll,2023-01-13,2023-05-05,1218,75,150000,89.82,14.05,0
AMM-2023-391,QuickHeal,HealthGen,2023-03-08,2023-08-28,1910,79,50000,60.30,14.68,0
AMM-2023-392,QuickHeal,BioPharm Solutions,2023-06-22,2023-11-22,1243,26,150000,67.97,11.81,0
AMM-2023-393,FlexiJoint,BioPharm Solutions,2023-03-05,2023-08-16,1229,72,50000,192.90,8.95,1
AMM-2023-394,QuickHeal,CureAll,2023-05-20,2023-09-19,225,5,100000,99.96,14.47,0
AMM-2023-395,PainAway,CureAll,2023-01-04,2023-04-23,426,37,50000,48.00,7.70,0
AMM-2023-396,CardioPlus,BioPharm Solutions,2023-01-13,2023-02-05,635,27,150000,27.52,6.11,1
AMM-2023-397,CardioPlus,PharmaCorp,2023-02-21,2023-03-24,994,12,200000,54.31,13.35,0
AMM-2023-398,FlexiJoint,HealthGen,2023-01-08,2023-05-01,1547,33,150000,54.72,8.43,0
AMM-2023-399,FlexiJoint,PharmaCorp,2023-01-27,2023-05-13,1536,147,150000,67.94,14.86,0
AMM-2023-400,CardioPlus,CureAll,2023-06-05,2023-06-27,298,15,50000,78.09,11.25,1
AMM-2023-401,MediSafeX,CureAll,2023-03-10,2023-05-28,1260,9,200000,50.97,8.83,0
AMM-2023-402,CardioPlus,CureAll,2023-06-25,2023-09-17,1089,89,150000,86.33,14.05,0
AMM-2023-403,MediSafeX,CureAll,2023-01-20,2023-06-25,721,59,100000,62.52,12.43,0
AMM-2023-404,MediSafeX,MediVita,2023-05-24,2023-06-29,1578,155,150000,21.54,6.81,0
AMM-2023-405,QuickHeal,BioPharm Solutions,2023-05-23,2023-06-20,692,60,100000,75.45,12.61,1
AMM-2023-406,QuickHeal,CureAll,2023-02-17,2023-05-04,259,17,150000,30.91,5.29,0
AMM-2023-407,MediSafeX,PharmaCorp,2023-01-19,2023-06-02,1772,121,100000,47.96,6.51,0
AMM-2023-408,QuickHeal,BioPharm Solutions,2023-03-27,2023-04-04,1392,54,100000,45.88,5.94,1
AMM-2023-409,QuickHeal,CureAll,2023-03-11,2023-04-04,685,21,50000,91.35,13.32,1
AMM-2023-410,PainAway,MediVita,2023-05-02,2023-07-29,346,14,100000,47.00,14.78,0
AMM-2023-411,QuickHeal,HealthGen,2023-06-24,2023-11-17,1047,7,50000,33.98,11.03,0
AMM-2023-412,MediSafeX,HealthGen,2023-05-26,2023-07-08,1349,17,50000,27.33,5.16,0
AMM-2023-413,CardioPlus,BioPharm Solutions,2023-04-10,2023-06-21,1185,114,100000,59.81,8.38,0
AMM-2023-414,FlexiJoint,HealthGen,2023-04-17,2023-08-15,1314,53,200000,102.97,13.61,0
AMM-2023-415,PainAway,BioPharm Solutions,2023-02-11,2023-05-06,243,8,100000,109.76,14.71,0
AMM-2023-416,CardioPlus,HealthGen,2023-02-09,2023-04-27,1437,75,100000,70.53,9.31,0
AMM-2023-417,PainAway,CureAll,2023-01-02,2023-02-28,888,16,150000,50.73,13.80,0
AMM-2023-418,MediSafeX,BioPharm Solutions,2023-04-23,2023-06-10,305,16,100000,99.38,13.56,0
AMM-2023-419,MediSafeX,BioPharm Solutions,2023-02-12,2023-03-30,798,61,50000,152.54,12.50,1
AMM-2023-420,MediSafeX,PharmaCorp,2023-04-28,2023-08-15,1226,38,150000,86.28,14.41,0
AMM-2023-421,QuickHeal,PharmaCorp,2023-02-06,2023-03-27,1163,33,200000,101.55,14.56,0
AMM-2023-422,PainAway,HealthGen,2023-02-14,2023-06-26,1687,82,200000,40.71,7.09,0
AMM-2023-423,FlexiJoint,BioPharm Solutions,2023-01-01,2023-01-11,247,5,50000,29.87,5.96,1
AMM-2023-424,PainAway,HealthGen,2023-05-28,2023-07-04,1228,28,200000,40.92,7.42,0
AMM-2023-425,MediSafeX,HealthGen,2023-01-11,2023-05-14,1537,29,50000,77.66,10.51,0
AMM-2023-426,CardioPlus,HealthGen,2023-02-21,2023-08-03,1290,117,200000,180.50,6.59,1
AMM-2023-427,FlexiJoint,MediVita,2023-04-20,2023-09-03,1722,170,50000,60.58,9.38,0
AMM-2023-428,FlexiJoint,HealthGen,2023-04-29,2023-10-25,1849,144,50000,46.48,11.02,0
AMM-2023-429,QuickHeal,MediVita,2023-05-13,2023-10-03,462,24,150000,15.53,5.06,0
AMM-2023-430,MediSafeX,PharmaCorp,2023-06-21,2023-08-17,1337,13,200000,153.18,7.61,1
AMM-2023-431,CardioPlus,CureAll,2023-05-28,2023-11-11,651,35,100000,24.93,5.10,0
AMM-2023-432,QuickHeal,CureAll,2023-06-17,2023-09-29,1313,93,150000,49.56,7.70,0
AMM-2023-433,MediSafeX,HealthGen,2023-02-16,2023-04-19,1287,32,100000,29.68,5.92,0
AMM-2023-434,QuickHeal,CureAll,2023-03-17,2023-08-18,361,20,100000,81.15,10.87,0
AMM-2023-435,CardioPlus,PharmaCorp,2023-03-24,2023-05-17,973,70,50000,27.03,5.63,0
AMM-2023-436,QuickHeal,CureAll,2023-06-23,2023-07-24,795,12,150000,94.03,11.94,0
AMM-2023-437,MediSafeX,MediVita,2023-05-29,2023-07-17,556,42,150000,29.20,5.99,0
AMM-2023-438,MediSafeX,MediVita,2023-04-10,2023-05-27,1980,87,200000,43.19,13.05,0
AMM-2023-439,FlexiJoint,MediVita,2023-05-17,2023-07-24,1663,9,200000,70.38,12.23,0
AMM-2023-440,QuickHeal,HealthGen,2023-06-14,2023-09-09,414,29,100000,59.64,8.93,0
AMM-2023-441,CardioPlus,CureAll,2023-05-22,2023-08-27,1912,24,200000,39.03,8.07,0
AMM-2023-442,FlexiJoint,MediVita,2023-05-19,2023-11-07,852,29,50000,220.41,10.46,1
AMM-2023-443,FlexiJoint,CureAll,2023-03-29,2023-05-22,1400,57,50000,26.53,8.72,0
AMM-2023-444,FlexiJoint,CureAll,2023-03-22,2023-08-13,635,8,200000,39.99,6.84,0
AMM-2023-445,CardioPlus,MediVita,2023-03-26,2023-05-10,1571,79,200000,24.93,7.51,0
AMM-2023-446,QuickHeal,HealthGen,2023-01-18,2023-05-05,645,35,50000,94.73,14.40,0
AMM-2023-447,CardioPlus,PharmaCorp,2023-01-20,2023-01-31,1048,103,50000,122.34,6.21,1
AMM-2023-448,MediSafeX,BioPharm Solutions,2023-03-22,2023-06-08,1483,28,150000,49.43,7.41,0
AMM-2023-449,CardioPlus,BioPharm Solutions,2023-03-26,2023-04-16,594,52,50000,51.04,6.53,1
AMM-2023-450,FlexiJoint,HealthGen,2023-06-12,2023-10-20,1556,93,200000,48.95,12.79,0
AMM-2023-451,CardioPlus,CureAll,2023-05-09,2023-06-14,1983,34,200000,38.43,7.85,0
AMM-2023-452,PainAway,CureAll,2023-06-06,2023-08-27,1588,14,100000,64.00,8.89,0
AMM-2023-453,PainAway,PharmaCorp,2023-06-07,2023-11-25,1371,56,200000,85.86,11.24,0
AMM-2023-454,MediSafeX,MediVita,2023-01-30,2023-03-14,1536,40,150000,51.89,8.97,0
AMM-2023-455,CardioPlus,MediVita,2023-06-08,2023-11-01,1530,123,200000,81.53,12.92,0
AMM-2023-456,QuickHeal,CureAll,2023-02-26,2023-05-02,999,29,200000,51.68,11.08,0
AMM-2023-457,QuickHeal,MediVita,2023-04-22,2023-06-22,530,39,150000,56.13,7.05,0
AMM-2023-458,CardioPlus,CureAll,2023-03-18,2023-07-07,275,16,100000,30.90,8.04,0
AMM-2023-459,QuickHeal,HealthGen,2023-06-19,2023-10-10,1089,76,50000,29.70,6.04,0
AMM-2023-460,MediSafeX,PharmaCorp,2023-03-09,2023-05-12,916,33,100000,60.99,10.14,0
AMM-2023-461,QuickHeal,BioPharm Solutions,2023-04-22,2023-07-18,1260,106,200000,102.20,14.93,0
AMM-2023-462,QuickHeal,CureAll,2023-04-12,2023-08-18,263,7,200000,342.42,12.37,1
AMM-2023-463,PainAway,MediVita,2023-02-15,2023-07-03,334,32,100000,74.17,13.42,0
AMM-2023-464,PainAway,BioPharm Solutions,2023-06-19,2023-06-30,470,16,50000,29.47,6.13,1
AMM-2023-465,MediSafeX,HealthGen,2023-02-07,2023-04-10,1541,122,150000,160.66,5.71,1
AMM-2023-466,MediSafeX,MediVita,2023-01-24,2023-05-17,452,42,50000,68.05,9.94,0
AMM-2023-467,PainAway,HealthGen,2023-03-28,2023-08-18,1575,65,150000,66.99,14.68,0
AMM-2023-468,QuickHeal,MediVita,2023-05-19,2023-07-17,681,68,150000,37.49,6.63,0
AMM-2023-469,PainAway,PharmaCorp,2023-02-16,2023-04-27,374,7,50000,103.71,13.28,0
AMM-2023-470,FlexiJoint,BioPharm Solutions,2023-06-30,2023-11-07,1425,100,200000,99.03,14.99,0
AMM-2023-471,FlexiJoint,MediVita,2023-02-03,2023-03-25,973,40,150000,58.73,11.54,0
AMM-2023-472,FlexiJoint,PharmaCorp,2023-05-03,2023-07-23,678,8,50000,55.95,10.47,0
AMM-2023-473,FlexiJoint,MediVita,2023-03-19,2023-05-24,938,28,150000,43.30,5.96,0
AMM-2023-474,QuickHeal,BioPharm Solutions,2023-04-18,2023-10-02,671,23,200000,62.30,11.31,0
AMM-2023-475,PainAway,CureAll,2023-03-08,2023-03-23,526,10,100000,37.35,8.37,1
AMM-2023-476,CardioPlus,PharmaCorp,2023-02-08,2023-05-05,805,68,100000,100.77,13.66,0
AMM-2023-477,MediSafeX,PharmaCorp,2023-06-23,2023-10-05,1958,186,100000,68.30,13.67,0
AMM-2023-478,FlexiJoint,PharmaCorp,2023-03-29,2023-07-30,1558,22,150000,86.24,7.95,1
AMM-2023-479,PainAway,HealthGen,2023-06-20,2023-11-06,1159,55,200000,57.46,10.03,0
AMM-2023-480,MediSafeX,HealthGen,2023-05-17,2023-09-05,1526,53,100000,54.46,10.71,0
AMM-2023-481,FlexiJoint,MediVita,2023-04-23,2023-05-18,657,7,200000,71.65,11.59,1
AMM-2023-482,MediSafeX,BioPharm Solutions,2023-01-12,2023-02-03,815,80,150000,93.61,14.26,1
AMM-2023-483,FlexiJoint,PharmaCorp,2023-05-29,2023-10-02,1334,104,100000,211.75,12.03,1
AMM-2023-484,PainAway,BioPharm Solutions,2023-05-11,2023-05-27,1148,29,150000,70.85,12.12,1
AMM-2023-485,PainAway,PharmaCorp,2023-02-20,2023-05-01,640,23,200000,80.35,13.71,0
AMM-2023-486,QuickHeal,CureAll,2023-04-15,2023-04-19,321,26,50000,93.08,12.93,1
AMM-2023-487,CardioPlus,HealthGen,2023-03-05,2023-06-13,1020,75,50000,69.30,9.24,0
AMM-2023-488,FlexiJoint,MediVita,2023-05-20,2023-09-20,442,11,150000,50.27,9.70,0
AMM-2023-489,FlexiJoint,CureAll,2023-05-31,2023-07-14,1739,107,200000,46.29,11.05,0
AMM-2023-490,QuickHeal,CureAll,2023-02-12,2023-07-02,585,24,50000,49.77,6.52,0
AMM-2023-491,MediSafeX,CureAll,2023-02-18,2023-08-11,1061,39,100000,44.51,6.43,0
AMM-2023-492,PainAway,HealthGen,2023-04-10,2023-08-28,1441,66,100000,80.11,11.92,0
AMM-2023-493,QuickHeal,BioPharm Solutions,2023-01-09,2023-01-14,383,26,150000,78.60,10.16,1
AMM-2023-494,FlexiJoint,HealthGen,2023-01-22,2023-07-03,820,76,200000,111.32,10.65,1
AMM-2023-495,MediSafeX,BioPharm Solutions,2023-05-25,2023-08-06,1132,9,200000,42.65,7.09,0
AMM-2023-496,PainAway,BioPharm Solutions,2023-06-05,2023-06-21,459,26,200000,22.60,6.17,1
AMM-2023-497,FlexiJoint,MediVita,2023-02-09,2023-05-07,1395,26,50000,212.88,11.28,1
AMM-2023-498,FlexiJoint,CureAll,2023-03-08,2023-06-30,1311,24,50000,123.06,10.32,1
AMM-2023-499,CardioPlus,PharmaCorp,2023-03-19,2023-03-29,1111,88,200000,158.38,14.83,1
AMM-2023-500,FlexiJoint,PharmaCorp,2023-06-02,2023-09-16,742,60,100000,48.83,7.77,0
AMM-2023-501,FlexiJoint,BioPharm Solutions,2023-01-26,2023-04-10,866,64,150000,73.15,10.35,0
AMM-2023-502,QuickHeal,MediVita,2023-01-13,2023-07-12,926,31,200000,44.38,7.48,0
AMM-2023-503,FlexiJoint,HealthGen,2023-01-26,2023-04-05,1034,21,100000,137.29,5.29,1
AMM-2023-504,FlexiJoint,MediVita,2023-05-30,2023-11-23,1865,163,200000,39.59,12.51,0
AMM-2023-505,MediSafeX,HealthGen,2023-01-09,2023-02-01,1223,95,150000,36.78,5.05,1
AMM-2023-506,PainAway,HealthGen,2023-02-14,2023-07-18,1411,12,100000,38.65,5.46,0
AMM-2023-507,QuickHeal,MediVita,2023-01-10,2023-04-30,1765,38,200000,33.06,7.56,0
AMM-2023-508,QuickHeal,CureAll,2023-03-09,2023-03-21,698,44,50000,63.03,11.22,1
AMM-2023-509,FlexiJoint,HealthGen,2023-03-25,2023-08-07,1464,63,50000,130.21,11.58,1
AMM-2023-510,CardioPlus,HealthGen,2023-06-10,2023-11-10,1826,20,100000,64.95,10.23,0
AMM-2023-511,PainAway,CureAll,2023-01-19,2023-01-28,1682,104,100000,29.61,6.07,1
AMM-2023-512,MediSafeX,MediVita,2023-02-17,2023-04-20,1529,143,200000,44.03,8.36,0
AMM-2023-513,CardioPlus,CureAll,2023-05-20,2023-11-14,1619,116,100000,89.76,12.12,0
AMM-2023-514,FlexiJoint,MediVita,2023-02-19,2023-07-16,1033,71,50000,40.50,9.12,0
AMM-2023-515,PainAway,BioPharm Solutions,2023-03-17,2023-03-24,659,44,200000,40.01,5.93,1
AMM-2023-516,PainAway,HealthGen,2023-03-21,2023-08-15,648,32,150000,31.25,6.06,0
AMM-2023-517,FlexiJoint,MediVita,2023-03-29,2023-09-01,1498,113,200000,28.47,5.56,0
AMM-2023-518,PainAway,MediVita,2023-02-22,2023-05-04,875,67,200000,90.20,12.89,0
AMM-2023-519,MediSafeX,MediVita,2023-03-13,2023-06-15,1799,125,200000,84.01,11.76,0
AMM-2023-520,CardioPlus,PharmaCorp,2023-04-10,2023-09-01,373,36,100000,260.28,8.76,1
AMM-2023-521,CardioPlus,MediVita,2023-04-18,2023-07-08,865,56,50000,92.04,13.61,0
AMM-2023-522,FlexiJoint,BioPharm Solutions,2023-03-05,2023-04-08,550,22,150000,51.78,6.88,0
AMM-2023-523,QuickHeal,HealthGen,2023-03-30,2023-09-07,1363,49,100000,63.71,10.15,0
AMM-2023-524,QuickHeal,MediVita,2023-06-10,2023-12-05,1270,26,100000,101.75,13.69,0
AMM-2023-525,PainAway,MediVita,2023-02-16,2023-06-12,466,6,100000,187.38,12.23,1
AMM-2023-526,QuickHeal,PharmaCorp,2023-05-25,2023-07-23,1202,48,100000,39.57,8.64,0
AMM-2023-527,QuickHeal,CureAll,2023-04-07,2023-08-28,597,19,50000,46.40,11.57,0
AMM-2023-528,FlexiJoint,HealthGen,2023-04-13,2023-08-22,696,51,50000,20.56,5.73,0
AMM-2023-529,MediSafeX,CureAll,2023-03-19,2023-08-01,211,11,150000,52.92,8.77,0
AMM-2023-530,PainAway,MediVita,2023-04-28,2023-09-18,1769,66,200000,169.95,12.63,1
AMM-2023-531,QuickHeal,PharmaCorp,2023-02-12,2023-07-01,1282,56,50000,61.70,10.85,0
AMM-2023-532,MediSafeX,BioPharm Solutions,2023-04-04,2023-07-30,326,22,100000,30.47,5.14,0
AMM-2023-533,MediSafeX,PharmaCorp,2023-01-22,2023-04-14,440,18,100000,21.09,5.78,0
AMM-2023-534,QuickHeal,HealthGen,2023-04-07,2023-04-23,1964,158,100000,34.66,7.46,1
AMM-2023-535,FlexiJoint,PharmaCorp,2023-04-07,2023-08-27,915,19,50000,93.67,12.90,0
AMM-2023-536,QuickHeal,PharmaCorp,2023-06-06,2023-09-05,1553,44,100000,23.19,5.14,0
AMM-2023-537,PainAway,BioPharm Solutions,2023-02-08,2023-02-18,919,40,150000,44.03,8.00,1
AMM-2023-538,PainAway,BioPharm Solutions,2023-03-25,2023-05-19,818,43,100000,29.81,9.41,0
AMM-2023-539,FlexiJoint,PharmaCorp,2023-05-29,2023-10-19,774,44,200000,47.25,7.18,0
AMM-2023-540,QuickHeal,CureAll,2023-06-30,2023-10-22,1700,18,50000,74.24,12.70,0
AMM-2023-541,QuickHeal,BioPharm Solutions,2023-03-29,2023-05-12,1713,45,150000,262.20,8.83,1
AMM-2023-542,QuickHeal,PharmaCorp,2023-03-06,2023-08-28,1641,95,200000,46.05,6.23,0
AMM-2023-543,MediSafeX,PharmaCorp,2023-06-11,2023-10-10,1628,162,100000,63.43,14.62,0
AMM-2023-544,CardioPlus,HealthGen,2023-03-21,2023-05-30,250,11,50000,56.83,9.57,0
AMM-2023-545,MediSafeX,MediVita,2023-02-21,2023-03-13,1382,98,50000,211.24,7.11,1
AMM-2023-546,MediSafeX,BioPharm Solutions,2023-02-18,2023-06-17,1229,8,50000,48.66,9.71,0
AMM-2023-547,FlexiJoint,MediVita,2023-03-02,2023-03-12,1629,158,150000,45.05,7.32,1
AMM-2023-548,FlexiJoint,PharmaCorp,2023-06-20,2023-09-19,500,48,150000,68.50,12.22,0
AMM-2023-549,FlexiJoint,PharmaCorp,2023-01-30,2023-02-06,1197,94,100000,55.29,8.36,1
AMM-2023-550,FlexiJoint,CureAll,2023-06-01,2023-08-31,780,13,100000,16.61,5.18,0
AMM-2023-551,FlexiJoint,CureAll,2023-06-21,2023-08-15,1749,131,50000,44.43,7.69,0
AMM-2023-552,QuickHeal,BioPharm Solutions,2023-02-26,2023-05-09,1452,136,150000,32.68,8.32,0
AMM-2023-553,PainAway,MediVita,2023-01-16,2023-02-12,1404,63,100000,92.06,13.95,1
AMM-2023-554,FlexiJoint,CureAll,2023-01-03,2023-07-02,1097,7,200000,65.39,13.56,0
AMM-2023-555,MediSafeX,BioPharm Solutions,2023-06-23,2023-12-12,1275,105,100000,49.83,14.09,0
AMM-2023-556,QuickHeal,PharmaCorp,2023-06-12,2023-11-20,1847,28,200000,48.38,6.22,0
AMM-2023-557,QuickHeal,HealthGen,2023-05-29,2023-10-16,1243,98,150000,89.65,11.34,0
AMM-2023-558,QuickHeal,MediVita,2023-06-18,2023-07-30,1089,60,100000,77.74,10.23,0
AMM-2023-559,PainAway,PharmaCorp,2023-06-04,2023-08-27,665,66,100000,300.86,14.79,1
AMM-2023-560,FlexiJoint,BioPharm Solutions,2023-03-20,2023-09-13,1286,122,200000,39.70,6.81,0
AMM-2023-561,MediSafeX,HealthGen,2023-02-12,2023-08-05,571,41,150000,51.54,8.49,0
AMM-2023-562,MediSafeX,CureAll,2023-05-23,2023-11-11,561,53,200000,62.04,10.92,0
AMM-2023-563,CardioPlus,BioPharm Solutions,2023-06-09,2023-09-20,1523,25,150000,82.36,14.16,0
AMM-2023-564,CardioPlus,PharmaCorp,2023-01-01,2023-04-04,1587,136,100000,39.77,13.14,0
AMM-2023-565,MediSafeX,CureAll,2023-02-03,2023-07-22,268,12,200000,43.66,7.97,0
AMM-2023-566,FlexiJoint,PharmaCorp,2023-01-14,2023-03-08,1444,6,100000,37.45,9.71,0
AMM-2023-567,FlexiJoint,BioPharm Solutions,2023-04-29,2023-06-26,1692,123,50000,64.02,9.96,0
AMM-2023-568,FlexiJoint,HealthGen,2023-06-14,2023-08-07,1593,51,100000,74.65,12.40,0
AMM-2023-569,MediSafeX,HealthGen,2023-03-10,2023-04-07,1970,146,100000,28.75,7.08,1
AMM-2023-570,QuickHeal,HealthGen,2023-06-27,2023-12-12,616,20,150000,46.36,11.76,0
AMM-2023-571,FlexiJoint,HealthGen,2023-05-25,2023-10-24,1318,37,100000,41.75,7.34,0
AMM-2023-572,MediSafeX,PharmaCorp,2023-04-01,2023-09-04,432,28,150000,89.51,11.68,0
AMM-2023-573,FlexiJoint,HealthGen,2023-04-11,2023-10-03,1873,23,100000,38.85,5.35,0
AMM-2023-574,FlexiJoint,CureAll,2023-03-04,2023-03-11,948,45,200000,28.19,8.97,1
AMM-2023-575,QuickHeal,HealthGen,2023-04-06,2023-06-07,907,89,200000,57.28,12.25,0
AMM-2023-576,FlexiJoint,PharmaCorp,2023-05-23,2023-07-13,1448,14,50000,42.77,7.51,0
AMM-2023-577,CardioPlus,PharmaCorp,2023-04-19,2023-07-18,959,8,200000,22.74,5.55,0
AMM-2023-578,FlexiJoint,MediVita,2023-01-17,2023-07-07,1362,113,150000,62.43,8.33,0
AMM-2023-579,FlexiJoint,HealthGen,2023-01-25,2023-03-02,818,45,100000,75.22,10.12,0
AMM-2023-580,CardioPlus,CureAll,2023-03-01,2023-04-20,376,36,200000,34.05,8.14,0
AMM-2023-581,QuickHeal,CureAll,2023-06-26,2023-11-01,1313,6,100000,74.18,9.36,0
AMM-2023-582,QuickHeal,HealthGen,2023-02-02,2023-07-17,501,15,200000,66.84,11.47,0
AMM-2023-583,CardioPlus,BioPharm Solutions,2023-04-16,2023-09-30,1348,102,50000,19.17,5.35,0
AMM-2023-584,QuickHeal,PharmaCorp,2023-02-15,2023-06-17,960,13,100000,31.47,8.60,0
AMM-2023-585,PainAway,CureAll,2023-02-26,2023-06-12,1542,113,50000,52.36,14.04,0
AMM-2023-586,CardioPlus,BioPharm Solutions,2023-06-19,2023-10-12,1706,90,150000,40.56,5.46,0
AMM-2023-587,QuickHeal,BioPharm Solutions,2023-01-24,2023-06-25,368,6,100000,64.06,12.47,0
AMM-2023-588,PainAway,HealthGen,2023-05-19,2023-06-10,296,14,150000,323.53,14.07,1
AMM-2023-589,PainAway,MediVita,2023-06-02,2023-07-27,201,17,150000,45.42,7.57,0
AMM-2023-590,CardioPlus,PharmaCorp,2023-06-27,2023-09-27,1494,65,200000,27.88,5.87,0
AMM-2023-591,MediSafeX,HealthGen,2023-01-26,2023-04-14,1077,56,100000,76.68,11.81,0
AMM-2023-592,MediSafeX,MediVita,2023-06-01,2023-06-29,1598,147,200000,159.16,14.47,1
AMM-2023-593,FlexiJoint,CureAll,2023-01-10,2023-01-21,632,6,150000,48.92,6.69,1
AMM-2023-594,MediSafeX,HealthGen,2023-02-09,2023-03-05,1485,79,150000,77.62,14.79,1
AMM-2023-595,QuickHeal,MediVita,2023-03-17,2023-08-09,787,30,150000,54.75,10.62,0
AMM-2023-596,FlexiJoint,PharmaCorp,2023-01-13,2023-04-13,1503,138,50000,71.00,13.02,0
AMM-2023-597,CardioPlus,CureAll,2023-02-16,2023-04-16,974,89,200000,308.51,13.27,1
AMM-2023-598,QuickHeal,CureAll,2023-03-24,2023-07-29,1526,45,50000,202.63,14.40,1
AMM-2023-599,CardioPlus,PharmaCorp,2023-04-04,2023-05-25,647,29,150000,204.12,10.50,1
AMM-2023-600,FlexiJoint,PharmaCorp,2023-04-22,2023-05-26,1818,91,150000,72.56,13.75,0
AMM-2023-601,PainAway,HealthGen,2023-03-08,2023-04-17,898,11,50000,57.74,8.02,0
AMM-2023-602,CardioPlus,CureAll,2023-06-30,2023-11-08,348,29,150000,110.13,14.11,0
AMM-2023-603,PainAway,BioPharm Solutions,2023-04-13,2023-09-01,883,39,100000,37.14,6.87,0
AMM-2023-604,FlexiJoint,PharmaCorp,2023-03-05,2023-08-13,893,46,50000,31.67,6.54,0
AMM-2023-605,CardioPlus,CureAll,2023-01-20,2023-05-27,1019,58,100000,224.36,8.89,1
AMM-2023-606,FlexiJoint,CureAll,2023-02-16,2023-02-18,1715,131,150000,42.21,12.04,1
AMM-2023-607,MediSafeX,CureAll,2023-04-12,2023-06-24,380,38,50000,20.59,6.11,0
AMM-2023-608,CardioPlus,BioPharm Solutions,2023-02-20,2023-02-22,1965,107,50000,84.35,13.55,1
AMM-2023-609,CardioPlus,MediVita,2023-05-22,2023-08-27,1807,170,200000,58.03,5.11,1
AMM-2023-610,PainAway,BioPharm Solutions,2023-04-23,2023-08-12,866,55,150000,46.63,10.27,0
AMM-2023-611,MediSafeX,BioPharm Solutions,2023-05-31,2023-11-02,1074,78,200000,178.77,12.27,1
AMM-2023-612,MediSafeX,HealthGen,2023-03-24,2023-05-17,1494,66,200000,45.12,6.82,0
AMM-2023-613,QuickHeal,BioPharm Solutions,2023-02-14,2023-07-20,1359,57,100000,20.10,5.24,0
AMM-2023-614,MediSafeX,MediVita,2023-02-15,2023-03-27,565,8,150000,307.76,12.07,1
AMM-2023-615,FlexiJoint,MediVita,2023-03-28,2023-06-07,1169,79,200000,17.02,5.18,0
AMM-2023-616,QuickHeal,BioPharm Solutions,2023-02-11,2023-07-10,1668,31,150000,41.43,10.63,0
AMM-2023-617,MediSafeX,HealthGen,2023-05-13,2023-08-29,1208,78,50000,49.18,9.81,0
AMM-2023-618,PainAway,BioPharm Solutions,2023-05-31,2023-10-29,782,61,150000,47.58,14.91,0
AMM-2023-619,QuickHeal,CureAll,2023-02-13,2023-05-24,419,28,150000,35.95,10.64,0
AMM-2023-620,PainAway,PharmaCorp,2023-03-09,2023-03-28,262,15,200000,61.00,11.64,1
AMM-2023-621,CardioPlus,MediVita,2023-02-27,2023-07-13,911,71,150000,36.82,7.27,0
AMM-2023-622,MediSafeX,BioPharm Solutions,2023-05-11,2023-09-24,1455,9,150000,82.61,11.44,0
AMM-2023-623,CardioPlus,HealthGen,2023-02-18,2023-07-30,982,40,50000,91.93,12.34,0
AMM-2023-624,FlexiJoint,MediVita,2023-05-21,2023-06-26,1673,26,200000,80.30,12.97,0
AMM-2023-625,QuickHeal,BioPharm Solutions,2023-06-10,2023-11-05,273,6,150000,343.57,11.74,1
AMM-2023-626,MediSafeX,BioPharm Solutions,2023-06-13,2023-12-06,473,24,200000,276.05,9.26,1
AMM-2023-627,MediSafeX,BioPharm Solutions,2023-06-25,2023-11-21,1171,40,150000,80.79,10.62,0
AMM-2023-628,CardioPlus,CureAll,2023-01-15,2023-06-22,468,35,200000,38.11,5.86,0
AMM-2023-629,FlexiJoint,HealthGen,2023-05-15,2023-06-15,608,30,50000,47.29,6.20,0
AMM-2023-630,QuickHeal,MediVita,2023-06-01,2023-09-17,1741,147,100000,30.80,9.62,0
AMM-2023-631,MediSafeX,CureAll,2023-04-19,2023-09-26,1870,173,200000,24.33,5.79,0
AMM-2023-632,CardioPlus,CureAll,2023-05-25,2023-10-17,630,56,200000,56.31,14.61,0
AMM-2023-633,CardioPlus,PharmaCorp,2023-03-18,2023-09-01,1405,128,200000,36.01,5.44,0
AMM-2023-634,QuickHeal,MediVita,2023-02-06,2023-06-28,1946,188,50000,32.02,10.21,0
AMM-2023-635,CardioPlus,BioPharm Solutions,2023-01-17,2023-01-30,1866,97,200000,268.02,13.02,1
AMM-2023-636,QuickHeal,BioPharm Solutions,2023-03-01,2023-07-11,1398,85,200000,90.23,13.36,0
AMM-2023-637,MediSafeX,MediVita,2023-05-17,2023-07-18,1492,134,200000,44.37,7.92,0
AMM-2023-638,QuickHeal,MediVita,2023-06-23,2023-09-29,1000,90,200000,58.52,14.91,0
AMM-2023-639,QuickHeal,CureAll,2023-01-28,2023-04-17,1525,19,200000,84.73,13.65,0
AMM-2023-640,FlexiJoint,MediVita,2023-01-25,2023-06-12,755,37,100000,20.76,5.72,0
AMM-2023-641,MediSafeX,MediVita,2023-04-28,2023-05-10,1157,17,100000,64.07,14.64,1
AMM-2023-642,MediSafeX,HealthGen,2023-04-16,2023-05-07,1090,39,100000,153.33,5.69,1
AMM-2023-643,MediSafeX,PharmaCorp,2023-04-04,2023-04-13,292,26,150000,75.50,11.02,1
AMM-2023-644,PainAway,PharmaCorp,2023-02-05,2023-03-22,926,49,50000,72.93,12.23,0
AMM-2023-645,PainAway,CureAll,2023-03-23,2023-04-17,1043,71,50000,50.52,7.06,1
AMM-2023-646,CardioPlus,MediVita,2023-01-16,2023-04-16,788,25,100000,80.45,11.76,0
AMM-2023-647,MediSafeX,CureAll,2023-04-03,2023-08-14,623,46,50000,56.77,12.90,0
AMM-2023-648,FlexiJoint,PharmaCorp,2023-04-06,2023-06-22,810,29,50000,69.78,9.50,0
AMM-2023-649,FlexiJoint,CureAll,2023-01-07,2023-04-10,998,97,200000,20.93,6.15,0
AMM-2023-650,MediSafeX,MediVita,2023-04-12,2023-09-27,1355,124,100000,103.91,14.54,0
AMM-2023-651,FlexiJoint,MediVita,2023-06-18,2023-12-06,290,19,200000,40.14,8.42,0
AMM-2023-652,QuickHeal,BioPharm Solutions,2023-04-05,2023-09-12,818,28,200000,52.18,11.35,0
AMM-2023-653,MediSafeX,MediVita,2023-05-22,2023-08-17,1094,79,200000,41.85,13.04,0
AMM-2023-654,MediSafeX,CureAll,2023-01-08,2023-03-28,795,60,150000,45.26,14.55,0
AMM-2023-655,CardioPlus,BioPharm Solutions,2023-03-24,2023-03-27,1498,41,200000,43.42,10.50,1
AMM-2023-656,FlexiJoint,HealthGen,2023-06-12,2023-06-24,1378,130,100000,41.26,6.30,1
AMM-2023-657,MediSafeX,CureAll,2023-03-19,2023-05-12,1457,88,150000,24.82,5.04,0
AMM-2023-658,FlexiJoint,BioPharm Solutions,2023-01-04,2023-01-05,1871,53,100000,91.34,13.12,1
AMM-2023-659,FlexiJoint,HealthGen,2023-04-07,2023-07-20,1120,8,150000,26.12,7.89,0
AMM-2023-660,MediSafeX,MediVita,2023-05-05,2023-07-27,1041,72,200000,93.33,13.78,0
AMM-2023-661,MediSafeX,CureAll,2023-06-18,2023-08-12,501,41,50000,95.13,12.62,0
AMM-2023-662,PainAway,HealthGen,2023-06-10,2023-09-01,619,35,200000,95.96,13.86,0
AMM-2023-663,CardioPlus,PharmaCorp,2023-03-29,2023-06-25,896,82,100000,69.33,13.19,0
AMM-2023-664,CardioPlus,HealthGen,2023-05-02,2023-10-10,1369,53,100000,17.96,5.57,0
AMM-2023-665,QuickHeal,MediVita,2023-01-01,2023-05-06,454,28,50000,46.92,7.67,0
AMM-2023-666,FlexiJoint,PharmaCorp,2023-05-28,2023-08-24,846,51,50000,56.46,8.36,0
AMM-2023-667,MediSafeX,PharmaCorp,2023-05-17,2023-09-28,1273,99,100000,250.28,13.62,1
AMM-2023-668,PainAway,BioPharm Solutions,2023-06-13,2023-06-30,836,18,100000,102.57,9.09,1
AMM-2023-669,QuickHeal,CureAll,2023-06-12,2023-10-29,1488,118,100000,84.26,12.46,0
AMM-2023-670,MediSafeX,PharmaCorp,2023-06-24,2023-09-03,1540,19,200000,44.87,12.77,0
AMM-2023-671,CardioPlus,CureAll,2023-06-05,2023-09-15,1733,24,200000,83.72,11.72,0
AMM-2023-672,MediSafeX,PharmaCorp,2023-03-02,2023-08-15,1263,28,150000,69.50,10.32,0
AMM-2023-673,PainAway,BioPharm Solutions,2023-01-27,2023-04-13,1428,76,200000,334.06,11.77,1
AMM-2023-674,FlexiJoint,BioPharm Solutions,2023-03-24,2023-09-16,1741,130,50000,26.49,6.80,0
AMM-2023-675,CardioPlus,MediVita,2023-04-24,2023-09-30,1098,98,50000,46.52,14.87,0
AMM-2023-676,FlexiJoint,BioPharm Solutions,2023-02-11,2023-02-12,1597,80,200000,50.53,14.19,1
AMM-2023-677,QuickHeal,BioPharm Solutions,2023-03-31,2023-04-04,1569,149,200000,116.40,14.87,1
AMM-2023-678,FlexiJoint,HealthGen,2023-04-26,2023-07-23,1135,18,50000,54.51,14.09,0
AMM-2023-679,PainAway,MediVita,2023-05-27,2023-11-02,1651,131,50000,99.32,12.68,0
AMM-2023-680,CardioPlus,PharmaCorp,2023-02-17,2023-07-06,1319,52,50000,82.29,14.35,0
AMM-2023-681,QuickHeal,PharmaCorp,2023-04-19,2023-09-09,852,77,150000,53.71,8.19,0
AMM-2023-682,QuickHeal,PharmaCorp,2023-06-07,2023-09-05,799,32,50000,72.51,14.32,0
AMM-2023-683,PainAway,PharmaCorp,2023-02-21,2023-07-05,503,8,150000,57.42,9.13,0
AMM-2023-684,FlexiJoint,PharmaCorp,2023-05-06,2023-10-05,1144,47,150000,20.53,5.25,0
AMM-2023-685,QuickHeal,PharmaCorp,2023-04-01,2023-08-07,938,55,200000,40.77,6.00,0
AMM-2023-686,MediSafeX,BioPharm Solutions,2023-01-12,2023-02-01,1119,39,200000,38.36,5.27,1
AMM-2023-687,FlexiJoint,PharmaCorp,2023-02-25,2023-06-13,346,28,50000,50.74,13.06,0
AMM-2023-688,FlexiJoint,BioPharm Solutions,2023-05-16,2023-10-14,898,27,50000,41.81,10.93,0
AMM-2023-689,CardioPlus,CureAll,2023-03-17,2023-06-24,1014,27,200000,37.32,6.09,0
AMM-2023-690,PainAway,CureAll,2023-03-23,2023-08-15,206,13,150000,78.76,12.08,0
AMM-2023-691,CardioPlus,HealthGen,2023-04-13,2023-09-05,431,40,200000,36.47,11.53,0
AMM-2023-692,QuickHeal,HealthGen,2023-02-21,2023-06-11,1368,119,50000,50.71,14.71,0
AMM-2023-693,MediSafeX,MediVita,2023-05-21,2023-09-16,863,65,100000,52.40,11.75,0
AMM-2023-694,QuickHeal,CureAll,2023-04-05,2023-10-02,1104,74,50000,23.04,7.24,0
AMM-2023-695,MediSafeX,CureAll,2023-01-19,2023-04-08,1255,41,150000,19.52,6.26,0
AMM-2023-696,PainAway,HealthGen,2023-03-17,2023-03-26,986,60,200000,43.19,5.74,1
AMM-2023-697,PainAway,BioPharm Solutions,2023-05-08,2023-08-24,1336,113,50000,82.24,14.70,0
AMM-2023-698,MediSafeX,HealthGen,2023-03-27,2023-04-29,241,23,100000,45.27,7.10,0
AMM-2023-699,FlexiJoint,BioPharm Solutions,2023-03-16,2023-07-05,534,11,150000,65.92,9.44,0
AMM-2023-700,FlexiJoint,HealthGen,2023-05-03,2023-06-07,1605,80,100000,56.68,9.79,0
AMM-2023-701,QuickHeal,HealthGen,2023-02-19,2023-03-29,360,18,50000,74.25,11.16,0
AMM-2023-702,FlexiJoint,HealthGen,2023-03-16,2023-04-05,1687,153,50000,70.77,11.93,1
AMM-2023-703,CardioPlus,BioPharm Solutions,2023-02-01,2023-06-12,1093,13,50000,98.84,7.58,1
AMM-2023-704,MediSafeX,PharmaCorp,2023-03-02,2023-08-05,863,77,200000,95.35,13.16,0
AMM-2023-705,PainAway,PharmaCorp,2023-05-14,2023-07-01,411,27,100000,37.30,5.28,0
AMM-2023-706,CardioPlus,PharmaCorp,2023-01-31,2023-04-02,1034,40,100000,23.99,7.11,0
AMM-2023-707,FlexiJoint,HealthGen,2023-01-15,2023-05-09,1939,188,150000,185.97,7.52,1
AMM-2023-708,QuickHeal,BioPharm Solutions,2023-02-16,2023-06-02,439,23,50000,52.25,10.75,0
AMM-2023-709,MediSafeX,PharmaCorp,2023-04-18,2023-06-13,903,25,100000,47.89,9.00,0
AMM-2023-710,MediSafeX,PharmaCorp,2023-01-13,2023-05-06,1073,53,50000,47.64,12.22,0
AMM-2023-711,FlexiJoint,HealthGen,2023-06-13,2023-10-09,1175,10,100000,39.44,8.19,0
AMM-2023-712,CardioPlus,PharmaCorp,2023-02-26,2023-07-17,1812,58,50000,67.95,10.64,0
AMM-2023-713,FlexiJoint,MediVita,2023-04-03,2023-05-29,1668,34,50000,43.08,9.03,0
AMM-2023-714,FlexiJoint,PharmaCorp,2023-01-07,2023-05-13,1237,101,150000,69.60,10.41,0
AMM-2023-715,FlexiJoint,PharmaCorp,2023-05-30,2023-06-01,757,61,50000,68.03,8.54,1
AMM-2023-716,MediSafeX,BioPharm Solutions,2023-04-19,2023-06-09,1591,96,100000,90.52,12.51,0
AMM-2023-717,CardioPlus,HealthGen,2023-03-16,2023-08-28,1305,77,100000,49.41,11.93,0
AMM-2023-718,FlexiJoint,CureAll,2023-03-13,2023-04-04,756,31,150000,68.36,14.34,1
AMM-2023-719,CardioPlus,PharmaCorp,2023-04-03,2023-06-25,546,6,100000,41.22,6.82,0
AMM-2023-720,QuickHeal,MediVita,2023-06-07,2023-09-07,925,60,200000,86.35,11.45,0
AMM-2023-721,CardioPlus,MediVita,2023-06-24,2023-10-10,1352,132,100000,102.83,6.10,1
AMM-2023-722,MediSafeX,CureAll,2023-03-20,2023-06-10,904,59,100000,42.44,8.07,0
AMM-2023-723,MediSafeX,HealthGen,2023-02-08,2023-06-14,1097,36,200000,29.05,8.67,0
AMM-2023-724,PainAway,BioPharm Solutions,2023-04-09,2023-08-06,1015,32,200000,33.75,6.86,0
AMM-2023-725,PainAway,HealthGen,2023-01-04,2023-01-16,641,5,50000,76.68,11.11,1
AMM-2023-726,CardioPlus,HealthGen,2023-02-06,2023-04-28,361,23,150000,50.12,11.72,0
AMM-2023-727,FlexiJoint,MediVita,2023-04-10,2023-05-20,1821,30,100000,69.02,8.79,0
AMM-2023-728,FlexiJoint,PharmaCorp,2023-03-06,2023-06-20,606,19,200000,109.41,14.21,0
AMM-2023-729,CardioPlus,BioPharm Solutions,2023-01-02,2023-01-08,1432,19,200000,39.19,8.52,1
AMM-2023-730,CardioPlus,PharmaCorp,2023-06-01,2023-07-29,1862,19,50000,59.67,11.44,0
AMM-2023-731,FlexiJoint,HealthGen,2023-06-04,2023-08-23,1680,34,100000,39.84,7.81,0
AMM-2023-732,MediSafeX,CureAll,2023-03-29,2023-04-23,775,19,150000,91.97,11.77,1
AMM-2023-733,CardioPlus,PharmaCorp,2023-03-09,2023-06-25,1685,82,150000,32.76,8.23,0
AMM-2023-734,MediSafeX,MediVita,2023-05-16,2023-07-21,470,40,150000,33.90,6.25,0
AMM-2023-735,MediSafeX,BioPharm Solutions,2023-02-15,2023-07-24,1816,158,50000,55.75,8.83,0
AMM-2023-736,QuickHeal,PharmaCorp,2023-04-23,2023-07-27,623,36,200000,89.03,11.83,0
AMM-2023-737,MediSafeX,HealthGen,2023-03-30,2023-06-19,1295,119,50000,39.42,12.16,0
AMM-2023-738,QuickHeal,BioPharm Solutions,2023-05-18,2023-10-04,463,17,50000,77.62,13.74,0
AMM-2023-739,PainAway,HealthGen,2023-05-05,2023-08-16,796,52,100000,50.16,13.52,0
AMM-2023-740,PainAway,CureAll,2023-02-21,2023-08-15,1571,157,50000,101.32,7.23,1
AMM-2023-741,MediSafeX,CureAll,2023-02-08,2023-06-29,1117,99,150000,53.79,8.68,0
AMM-2023-742,PainAway,CureAll,2023-03-04,2023-07-14,1183,46,50000,34.72,5.96,0
AMM-2023-743,PainAway,PharmaCorp,2023-06-06,2023-06-13,805,32,200000,31.63,7.75,1
AMM-2023-744,PainAway,MediVita,2023-01-04,2023-03-29,1813,49,100000,66.16,11.02,0
AMM-2023-745,CardioPlus,CureAll,2023-04-14,2023-04-17,608,26,50000,412.37,14.12,1
AMM-2023-746,CardioPlus,HealthGen,2023-04-13,2023-09-28,579,32,200000,37.22,5.98,0
AMM-2023-747,CardioPlus,BioPharm Solutions,2023-03-19,2023-04-11,599,46,150000,57.45,7.42,1
AMM-2023-748,FlexiJoint,CureAll,2023-04-29,2023-10-22,1409,113,150000,74.78,12.34,0
AMM-2023-749,FlexiJoint,BioPharm Solutions,2023-04-15,2023-07-28,1160,49,50000,36.94,6.30,0
AMM-2023-750,CardioPlus,CureAll,2023-01-24,2023-01-29,1312,23,150000,147.11,12.92,1
AMM-2023-751,MediSafeX,HealthGen,2023-05-05,2023-06-04,1395,131,150000,55.55,7.86,0
AMM-2023-752,FlexiJoint,HealthGen,2023-06-21,2023-11-18,860,68,50000,37.86,11.38,0
AMM-2023-753,CardioPlus,PharmaCorp,2023-01-10,2023-04-09,1338,44,150000,49.41,11.22,0
AMM-2023-754,QuickHeal,BioPharm Solutions,2023-01-14,2023-01-23,1976,182,50000,116.69,14.71,1
AMM-2023-755,CardioPlus,MediVita,2023-01-15,2023-04-08,1511,31,50000,340.43,12.37,1
AMM-2023-756,QuickHeal,HealthGen,2023-03-30,2023-08-31,558,8,200000,32.42,10.79,0
AMM-2023-757,QuickHeal,PharmaCorp,2023-01-25,2023-06-04,1676,152,150000,46.09,9.31,0
AMM-2023-758,FlexiJoint,PharmaCorp,2023-05-09,2023-05-17,1553,135,100000,76.77,13.61,1
AMM-2023-759,CardioPlus,MediVita,2023-02-10,2023-05-08,1266,37,100000,40.94,7.88,0
AMM-2023-760,FlexiJoint,BioPharm Solutions,2023-05-16,2023-11-03,1760,52,150000,48.55,12.52,0
AMM-2023-761,CardioPlus,BioPharm Solutions,2023-02-28,2023-07-13,848,54,100000,74.32,9.85,0
AMM-2023-762,MediSafeX,BioPharm Solutions,2023-05-06,2023-07-23,1373,126,50000,78.13,12.28,0
AMM-2023-763,MediSafeX,PharmaCorp,2023-01-29,2023-03-18,454,31,200000,79.43,13.89,0
AMM-2023-764,FlexiJoint,PharmaCorp,2023-01-20,2023-01-28,1983,188,150000,56.46,7.59,1
AMM-2023-765,PainAway,CureAll,2023-02-22,2023-06-25,1901,72,200000,59.85,13.70,0
AMM-2023-766,MediSafeX,PharmaCorp,2023-02-13,2023-04-24,224,6,150000,22.90,5.27,0
AMM-2023-767,QuickHeal,BioPharm Solutions,2023-06-07,2023-11-30,1636,146,150000,18.78,5.11,0
AMM-2023-768,MediSafeX,BioPharm Solutions,2023-01-26,2023-05-13,1410,89,100000,68.85,12.31,0
AMM-2023-769,CardioPlus,CureAll,2023-01-30,2023-07-16,1915,133,200000,44.96,8.39,0
AMM-2023-770,MediSafeX,BioPharm Solutions,2023-03-06,2023-04-29,1654,85,100000,46.68,14.49,0
AMM-2023-771,QuickHeal,PharmaCorp,2023-02-12,2023-03-30,1200,75,100000,79.85,11.20,0
AMM-2023-772,QuickHeal,PharmaCorp,2023-05-26,2023-08-30,839,51,100000,30.10,9.42,0
AMM-2023-773,FlexiJoint,MediVita,2023-01-31,2023-07-21,1741,31,100000,218.37,10.71,1
AMM-2023-774,CardioPlus,CureAll,2023-06-16,2023-07-20,464,22,150000,101.04,14.38,0
AMM-2023-775,PainAway,CureAll,2023-04-10,2023-07-03,1734,117,150000,44.75,12.93,0
AMM-2023-776,PainAway,PharmaCorp,2023-04-14,2023-07-09,471,46,200000,28.91,8.32,0
AMM-2023-777,CardioPlus,CureAll,2023-06-11,2023-08-16,931,87,50000,63.60,9.46,0
AMM-2023-778,CardioPlus,PharmaCorp,2023-01-31,2023-04-29,1132,12,200000,75.66,10.41,0
AMM-2023-779,FlexiJoint,CureAll,2023-04-25,2023-07-21,212,15,150000,64.55,9.83,0
AMM-2023-780,CardioPlus,HealthGen,2023-06-30,2023-08-29,762,7,50000,25.50,6.61,0
AMM-2023-781,PainAway,BioPharm Solutions,2023-06-05,2023-07-10,224,5,50000,62.93,10.28,0
AMM-2023-782,PainAway,MediVita,2023-06-15,2023-06-16,1806,171,200000,49.06,6.43,1
AMM-2023-783,QuickHeal,CureAll,2023-03-11,2023-04-03,335,16,100000,261.51,11.14,1
AMM-2023-784,PainAway,HealthGen,2023-05-31,2023-07-27,894,19,150000,109.01,14.42,0
AMM-2023-785,MediSafeX,MediVita,2023-06-04,2023-06-07,1912,24,200000,67.80,10.86,1
AMM-2023-786,FlexiJoint,MediVita,2023-04-25,2023-05-26,1919,78,150000,45.64,8.49,0
AMM-2023-787,CardioPlus,CureAll,2023-05-12,2023-06-10,1796,48,100000,63.67,14.26,1
AMM-2023-788,PainAway,HealthGen,2023-02-15,2023-08-08,871,84,150000,78.32,14.72,0
AMM-2023-789,FlexiJoint,MediVita,2023-01-15,2023-07-13,1627,100,50000,95.06,12.48,0
AMM-2023-790,CardioPlus,PharmaCorp,2023-03-29,2023-09-08,746,30,100000,55.38,9.97,0
AMM-2023-791,PainAway,BioPharm Solutions,2023-04-11,2023-09-07,1988,39,50000,34.89,9.79,0
AMM-2023-792,FlexiJoint,MediVita,2023-02-04,2023-07-22,1904,20,200000,232.26,8.28,1
AMM-2023-793,PainAway,CureAll,2023-05-22,2023-09-14,1681,152,200000,77.11,11.39,0
AMM-2023-794,QuickHeal,HealthGen,2023-02-28,2023-04-08,959,23,100000,54.11,14.19,0
AMM-2023-795,MediSafeX,BioPharm Solutions,2023-04-29,2023-09-04,1943,179,50000,34.65,5.85,0
AMM-2023-796,CardioPlus,HealthGen,2023-06-10,2023-10-24,543,46,200000,54.51,10.78,0
AMM-2023-797,PainAway,BioPharm Solutions,2023-04-29,2023-06-25,733,12,50000,50.45,13.65,0
AMM-2023-798,PainAway,MediVita,2023-02-26,2023-03-09,1830,62,150000,53.34,9.97,1
AMM-2023-799,FlexiJoint,CureAll,2023-02-03,2023-03-09,1078,60,200000,226.97,12.57,1
AMM-2023-800,CardioPlus,BioPharm Solutions,2023-06-27,2023-08-16,1886,72,100000,23.49,7.17,0
AMM-2023-801,CardioPlus,HealthGen,2023-02-05,2023-02-19,1840,127,50000,53.21,9.74,1
AMM-2023-802,FlexiJoint,PharmaCorp,2023-06-22,2023-10-20,1233,65,50000,56.14,11.75,0
AMM-2023-803,CardioPlus,CureAll,2023-03-07,2023-07-19,707,30,150000,28.92,7.58,0
AMM-2023-804,QuickHeal,CureAll,2023-06-15,2023-08-31,200,20,200000,62.57,8.00,0
AMM-2023-805,FlexiJoint,HealthGen,2023-02-09,2023-04-03,1593,18,200000,66.19,9.94,0
AMM-2023-806,CardioPlus,HealthGen,2023-04-03,2023-07-05,747,74,200000,39.00,7.20,0
AMM-2023-807,FlexiJoint,PharmaCorp,2023-04-27,2023-06-15,901,41,50000,58.77,13.31,0
AMM-2023-808,CardioPlus,PharmaCorp,2023-01-14,2023-03-21,1844,94,150000,35.85,11.46,0
AMM-2023-809,MediSafeX,HealthGen,2023-03-13,2023-05-30,1617,103,200000,48.12,10.91,0
AMM-2023-810,FlexiJoint,HealthGen,2023-04-08,2023-04-12,1512,107,50000,66.12,13.48,1
AMM-2023-811,FlexiJoint,BioPharm Solutions,2023-02-06,2023-06-22,1426,37,200000,37.06,6.02,0
AMM-2023-812,FlexiJoint,PharmaCorp,2023-04-15,2023-08-24,1008,48,50000,71.76,10.93,0
AMM-2023-813,MediSafeX,CureAll,2023-05-06,2023-06-24,1455,126,200000,47.12,6.91,0
AMM-2023-814,MediSafeX,PharmaCorp,2023-06-20,2023-12-12,1889,11,50000,53.09,11.64,0
AMM-2023-815,FlexiJoint,CureAll,2023-04-10,2023-06-17,571,16,200000,52.23,12.09,0
AMM-2023-816,CardioPlus,PharmaCorp,2023-02-01,2023-02-23,1973,116,100000,38.30,5.93,1
AMM-2023-817,CardioPlus,BioPharm Solutions,2023-05-28,2023-05-30,904,25,100000,62.24,11.80,1
AMM-2023-818,CardioPlus,MediVita,2023-05-06,2023-07-26,1692,87,150000,78.97,10.97,0
AMM-2023-819,QuickHeal,PharmaCorp,2023-05-12,2023-08-05,963,92,50000,33.64,6.57,0
AMM-2023-820,CardioPlus,PharmaCorp,2023-06-27,2023-06-28,601,44,150000,44.36,14.22,1
AMM-2023-821,MediSafeX,MediVita,2023-05-31,2023-08-21,277,5,50000,64.35,12.27,0
AMM-2023-822,CardioPlus,HealthGen,2023-03-27,2023-07-01,1279,113,100000,41.08,5.88,0
AMM-2023-823,CardioPlus,PharmaCorp,2023-01-15,2023-04-11,1832,72,150000,66.90,11.82,0
AMM-2023-824,FlexiJoint,CureAll,2023-04-11,2023-04-25,262,22,100000,44.97,8.80,1
AMM-2023-825,CardioPlus,PharmaCorp,2023-04-10,2023-09-04,895,54,150000,24.64,5.46,0
AMM-2023-826,QuickHeal,HealthGen,2023-03-03,2023-05-21,1262,34,50000,56.96,7.19,0
AMM-2023-827,QuickHeal,BioPharm Solutions,2023-05-07,2023-08-11,1181,90,50000,59.05,12.62,0
AMM-2023-828,PainAway,CureAll,2023-06-29,2023-11-08,1943,105,150000,90.29,11.32,0
AMM-2023-829,MediSafeX,MediVita,2023-04-17,2023-07-21,849,29,100000,51.31,6.61,0
AMM-2023-830,QuickHeal,MediVita,2023-05-28,2023-07-30,1865,70,50000,26.22,5.17,0
AMM-2023-831,CardioPlus,BioPharm Solutions,2023-03-24,2023-09-17,416,25,200000,53.18,12.66,0
AMM-2023-832,MediSafeX,BioPharm Solutions,2023-05-01,2023-06-20,510,25,100000,73.73,13.75,0
AMM-2023-833,CardioPlus,HealthGen,2023-01-30,2023-03-08,303,12,150000,82.32,11.03,0
AMM-2023-834,MediSafeX,HealthGen,2023-02-01,2023-05-06,1498,131,150000,80.03,10.81,0
AMM-2023-835,PainAway,HealthGen,2023-06-11,2023-06-19,1462,121,50000,327.96,14.66,1
AMM-2023-836,CardioPlus,HealthGen,2023-02-04,2023-07-08,977,73,150000,36.72,5.14,0
AMM-2023-837,FlexiJoint,MediVita,2023-05-11,2023-06-22,1626,82,100000,80.93,10.16,0
AMM-2023-838,CardioPlus,CureAll,2023-01-19,2023-04-23,1164,25,150000,31.63,8.29,0
AMM-2023-839,CardioPlus,MediVita,2023-05-21,2023-11-02,465,18,50000,74.69,12.11,0
AMM-2023-840,CardioPlus,MediVita,2023-06-19,2023-11-23,614,30,100000,69.49,11.32,0
AMM-2023-841,QuickHeal,PharmaCorp,2023-03-17,2023-05-20,420,34,100000,63.13,8.15,0
AMM-2023-842,PainAway,CureAll,2023-03-29,2023-07-23,1038,5,150000,88.71,14.81,0
AMM-2023-843,FlexiJoint,PharmaCorp,2023-03-20,2023-05-10,1563,49,200000,118.37,9.40,1
AMM-2023-844,FlexiJoint,MediVita,2023-03-04,2023-03-23,910,87,200000,24.24,7.04,1
AMM-2023-845,FlexiJoint,HealthGen,2023-03-09,2023-07-31,777,35,150000,46.06,13.16,0
AMM-2023-846,FlexiJoint,MediVita,2023-04-05,2023-06-15,741,63,50000,17.49,5.07,0
AMM-2023-847,FlexiJoint,BioPharm Solutions,2023-03-08,2023-05-26,1101,16,200000,26.76,6.29,0
AMM-2023-848,PainAway,BioPharm Solutions,2023-02-20,2023-04-18,1393,120,100000,209.72,12.05,1
AMM-2023-849,PainAway,HealthGen,2023-06-17,2023-08-10,992,88,150000,35.41,11.36,0
AMM-2023-850,MediSafeX,MediVita,2023-01-08,2023-03-02,1496,64,100000,36.11,7.26,0
AMM-2023-851,CardioPlus,PharmaCorp,2023-05-27,2023-10-21,1541,124,100000,195.45,7.63,1
AMM-2023-852,MediSafeX,BioPharm Solutions,2023-06-04,2023-11-03,1381,119,100000,32.07,9.45,0
AMM-2023-853,FlexiJoint,MediVita,2023-04-08,2023-04-19,1122,53,100000,57.44,8.06,1
AMM-2023-854,PainAway,BioPharm Solutions,2023-03-25,2023-08-29,1707,76,100000,35.37,10.77,0
AMM-2023-855,MediSafeX,BioPharm Solutions,2023-01-17,2023-05-27,256,5,100000,37.35,10.49,0
AMM-2023-856,FlexiJoint,BioPharm Solutions,2023-05-02,2023-10-13,576,39,200000,38.34,12.46,0
AMM-2023-857,FlexiJoint,HealthGen,2023-03-27,2023-07-20,1692,97,100000,51.15,13.19,0
AMM-2023-858,FlexiJoint,BioPharm Solutions,2023-02-08,2023-03-03,1575,62,150000,79.07,10.29,1
AMM-2023-859,PainAway,PharmaCorp,2023-03-08,2023-04-17,985,88,200000,45.76,9.63,0
AMM-2023-860,FlexiJoint,HealthGen,2023-02-03,2023-05-03,912,76,50000,37.12,5.48,0
AMM-2023-861,FlexiJoint,PharmaCorp,2023-05-28,2023-09-27,672,52,200000,31.33,9.14,0
AMM-2023-862,CardioPlus,PharmaCorp,2023-05-05,2023-06-25,312,18,150000,55.70,14.85,0
AMM-2023-863,QuickHeal,BioPharm Solutions,2023-06-06,2023-08-17,1071,102,50000,56.42,13.77,0
AMM-2023-864,QuickHeal,MediVita,2023-04-03,2023-04-05,526,45,100000,30.56,9.77,1
AMM-2023-865,FlexiJoint,BioPharm Solutions,2023-05-17,2023-07-19,420,19,200000,54.31,6.85,0
AMM-2023-866,QuickHeal,PharmaCorp,2023-01-18,2023-04-15,987,8,150000,93.07,12.75,0
AMM-2023-867,CardioPlus,BioPharm Solutions,2023-02-16,2023-04-15,235,18,200000,61.99,8.88,0
AMM-2023-868,MediSafeX,MediVita,2023-01-22,2023-02-06,1461,132,100000,102.57,13.57,1
AMM-2023-869,CardioPlus,BioPharm Solutions,2023-01-10,2023-06-15,1116,109,50000,55.49,14.38,0
AMM-2023-870,FlexiJoint,BioPharm Solutions,2023-02-20,2023-08-02,1286,17,50000,79.53,14.48,0
AMM-2023-871,QuickHeal,PharmaCorp,2023-01-17,2023-06-19,1083,50,100000,53.39,9.68,0
AMM-2023-872,PainAway,HealthGen,2023-04-04,2023-07-10,766,42,200000,41.09,7.25,0
AMM-2023-873,PainAway,BioPharm Solutions,2023-05-06,2023-06-25,1478,122,50000,72.31,11.96,0
AMM-2023-874,QuickHeal,MediVita,2023-04-21,2023-09-10,813,53,200000,61.83,11.08,0
AMM-2023-875,QuickHeal,CureAll,2023-04-20,2023-09-02,394,36,50000,37.85,10.11,0
AMM-2023-876,MediSafeX,HealthGen,2023-02-10,2023-04-28,1754,117,200000,30.28,6.30,0
AMM-2023-877,QuickHeal,MediVita,2023-04-06,2023-08-25,1148,109,50000,47.97,11.54,0
AMM-2023-878,MediSafeX,CureAll,2023-05-27,2023-09-30,851,29,100000,28.36,6.27,0
AMM-2023-879,CardioPlus,HealthGen,2023-06-20,2023-11-16,484,37,50000,32.82,5.50,0
AMM-2023-880,QuickHeal,BioPharm Solutions,2023-02-24,2023-06-01,1958,5,150000,45.44,14.75,0
AMM-2023-881,CardioPlus,HealthGen,2023-06-04,2023-08-19,1361,69,50000,42.29,9.86,0
AMM-2023-882,MediSafeX,PharmaCorp,2023-02-01,2023-02-02,1752,120,50000,54.49,10.30,1
AMM-2023-883,PainAway,PharmaCorp,2023-03-31,2023-04-28,831,17,100000,45.24,6.64,1
AMM-2023-884,FlexiJoint,CureAll,2023-05-07,2023-06-22,309,24,100000,25.06,5.46,0
AMM-2023-885,FlexiJoint,HealthGen,2023-02-24,2023-07-12,1437,48,200000,81.82,14.38,0
AMM-2023-886,QuickHeal,PharmaCorp,2023-02-10,2023-07-02,1438,130,50000,59.19,14.06,0
AMM-2023-887,QuickHeal,MediVita,2023-05-27,2023-10-17,1474,101,200000,44.99,10.83,0
AMM-2023-888,QuickHeal,HealthGen,2023-06-18,2023-12-01,1756,133,50000,38.81,5.84,0
AMM-2023-889,FlexiJoint,HealthGen,2023-04-12,2023-09-30,1608,58,100000,94.48,13.51,0
AMM-2023-890,MediSafeX,MediVita,2023-03-15,2023-08-06,1689,83,50000,53.11,7.94,0
AMM-2023-891,PainAway,BioPharm Solutions,2023-05-23,2023-07-11,1932,177,200000,47.22,7.29,0
AMM-2023-892,FlexiJoint,BioPharm Solutions,2023-01-12,2023-06-04,351,29,100000,24.61,7.71,0
AMM-2023-893,MediSafeX,PharmaCorp,2023-02-18,2023-05-24,843,59,150000,40.06,6.39,0
AMM-2023-894,MediSafeX,HealthGen,2023-05-07,2023-11-03,1450,72,150000,28.54,8.16,0
AMM-2023-895,FlexiJoint,PharmaCorp,2023-05-18,2023-06-29,381,27,200000,60.19,11.24,0
AMM-2023-896,PainAway,CureAll,2023-02-03,2023-07-05,1905,160,100000,25.34,5.60,0
AMM-2023-897,QuickHeal,CureAll,2023-03-02,2023-03-16,1903,21,150000,61.24,12.99,1
AMM-2023-898,QuickHeal,HealthGen,2023-04-26,2023-08-10,260,23,100000,65.29,9.93,0
AMM-2023-899,CardioPlus,CureAll,2023-05-12,2023-09-25,1350,120,150000,41.86,7.09,0
AMM-2023-900,PainAway,PharmaCorp,2023-04-06,2023-06-04,595,40,50000,41.51,8.09,0
AMM-2023-901,MediSafeX,BioPharm Solutions,2023-05-19,2023-10-21,711,42,100000,43.94,12.53,0
AMM-2023-902,FlexiJoint,HealthGen,2023-02-17,2023-06-14,976,80,100000,41.51,8.81,0
AMM-2023-903,QuickHeal,MediVita,2023-04-28,2023-07-12,1572,150,50000,76.36,11.02,0
AMM-2023-904,FlexiJoint,BioPharm Solutions,2023-05-29,2023-08-13,1606,20,150000,41.35,10.57,0
AMM-2023-905,MediSafeX,BioPharm Solutions,2023-05-11,2023-07-07,1905,5,100000,21.72,6.37,0
AMM-2023-906,FlexiJoint,PharmaCorp,2023-04-07,2023-09-17,463,23,150000,62.62,5.14,1
AMM-2023-907,QuickHeal,BioPharm Solutions,2023-06-22,2023-06-24,1331,14,150000,83.45,14.54,1
AMM-2023-908,QuickHeal,PharmaCorp,2023-04-25,2023-08-22,1507,115,50000,93.70,12.50,0
AMM-2023-909,QuickHeal,BioPharm Solutions,2023-02-14,2023-07-26,796,62,200000,40.85,10.94,0
AMM-2023-910,FlexiJoint,HealthGen,2023-02-05,2023-07-07,1968,138,150000,42.47,10.83,0
AMM-2023-911,QuickHeal,PharmaCorp,2023-04-09,2023-08-29,1562,146,50000,97.60,13.28,0
AMM-2023-912,CardioPlus,PharmaCorp,2023-02-03,2023-02-06,1428,141,100000,99.53,13.42,1
AMM-2023-913,MediSafeX,BioPharm Solutions,2023-05-04,2023-07-02,1250,42,100000,63.94,8.24,0
AMM-2023-914,MediSafeX,BioPharm Solutions,2023-04-29,2023-07-06,1799,95,200000,103.42,6.06,1
AMM-2023-915,PainAway,MediVita,2023-05-21,2023-10-16,1575,42,100000,54.37,8.33,0
AMM-2023-916,MediSafeX,MediVita,2023-01-29,2023-03-29,471,23,50000,68.65,10.19,0
AMM-2023-917,PainAway,CureAll,2023-01-19,2023-04-05,815,59,100000,41.65,6.59,0
AMM-2023-918,QuickHeal,MediVita,2023-01-06,2023-05-10,1068,8,100000,72.18,12.90,0
AMM-2023-919,FlexiJoint,MediVita,2023-05-12,2023-10-22,1725,17,100000,47.32,6.09,0
AMM-2023-920,QuickHeal,BioPharm Solutions,2023-02-10,2023-05-12,1158,25,150000,291.09,13.30,1
AMM-2023-921,PainAway,BioPharm Solutions,2023-02-24,2023-07-19,1312,63,100000,37.34,10.93,0
AMM-2023-922,PainAway,CureAll,2023-01-17,2023-05-15,1249,116,150000,114.27,11.07,1
AMM-2023-923,QuickHeal,MediVita,2023-05-25,2023-06-13,1888,28,150000,30.53,9.33,1
AMM-2023-924,PainAway,MediVita,2023-04-28,2023-10-17,1251,71,100000,25.58,7.28,0
AMM-2023-925,FlexiJoint,PharmaCorp,2023-01-07,2023-03-06,398,33,50000,45.16,11.68,0
AMM-2023-926,MediSafeX,PharmaCorp,2023-06-23,2023-12-05,506,8,150000,38.54,11.31,0
AMM-2023-927,FlexiJoint,PharmaCorp,2023-04-14,2023-09-12,1094,75,50000,75.31,14.19,0
AMM-2023-928,MediSafeX,BioPharm Solutions,2023-02-08,2023-05-22,645,9,50000,359.94,12.20,1
AMM-2023-929,FlexiJoint,MediVita,2023-02-15,2023-07-14,555,42,200000,19.94,6.63,0
AMM-2023-930,CardioPlus,HealthGen,2023-01-11,2023-06-17,602,59,100000,101.10,14.80,0
AMM-2023-931,QuickHeal,PharmaCorp,2023-03-27,2023-09-21,1612,141,150000,70.55,14.14,0
AMM-2023-932,QuickHeal,BioPharm Solutions,2023-05-18,2023-09-18,1501,65,200000,30.90,7.75,0
AMM-2023-933,MediSafeX,BioPharm Solutions,2023-03-02,2023-04-26,1964,63,200000,242.39,11.84,1
AMM-2023-934,CardioPlus,CureAll,2023-06-30,2023-10-06,1688,12,50000,42.77,14.24,0
AMM-2023-935,MediSafeX,CureAll,2023-06-21,2023-09-15,1668,129,50000,69.70,10.52,0
AMM-2023-936,PainAway,CureAll,2023-01-12,2023-04-01,423,5,200000,68.03,14.03,0
AMM-2023-937,CardioPlus,HealthGen,2023-03-13,2023-04-06,336,33,100000,31.49,5.49,1
AMM-2023-938,CardioPlus,BioPharm Solutions,2023-06-20,2023-09-28,297,7,100000,36.98,9.73,0
AMM-2023-939,CardioPlus,PharmaCorp,2023-05-05,2023-09-16,1685,101,100000,65.24,9.48,0
AMM-2023-940,MediSafeX,HealthGen,2023-03-10,2023-03-23,1864,141,200000,55.80,14.03,1
AMM-2023-941,FlexiJoint,PharmaCorp,2023-05-07,2023-10-16,385,5,100000,37.20,8.37,0
AMM-2023-942,QuickHeal,CureAll,2023-05-19,2023-08-13,830,65,100000,104.82,14.47,0
AMM-2023-943,MediSafeX,BioPharm Solutions,2023-04-18,2023-06-27,1619,7,200000,78.09,13.10,0
AMM-2023-944,MediSafeX,BioPharm Solutions,2023-04-28,2023-10-21,1811,130,200000,32.83,9.32,0
AMM-2023-945,PainAway,BioPharm Solutions,2023-04-05,2023-09-01,941,19,200000,55.81,7.66,0
AMM-2023-946,MediSafeX,CureAll,2023-05-12,2023-10-10,1203,107,100000,25.76,5.47,0
AMM-2023-947,PainAway,HealthGen,2023-05-29,2023-08-31,1144,30,50000,35.85,10.17,0
AMM-2023-948,QuickHeal,CureAll,2023-01-17,2023-06-02,326,17,150000,47.00,6.48,0
AMM-2023-949,FlexiJoint,MediVita,2023-06-06,2023-06-14,1101,60,50000,42.64,11.68,1
AMM-2023-950,CardioPlus,PharmaCorp,2023-02-15,2023-04-08,1879,44,100000,63.76,12.32,0
AMM-2023-951,CardioPlus,PharmaCorp,2023-05-06,2023-09-23,315,5,150000,66.44,14.94,0
AMM-2023-952,QuickHeal,PharmaCorp,2023-06-30,2023-10-01,1842,169,100000,58.63,7.61,0
AMM-2023-953,PainAway,MediVita,2023-06-07,2023-06-21,531,46,200000,81.46,10.75,1
AMM-2023-954,PainAway,HealthGen,2023-04-20,2023-06-18,724,44,200000,42.97,6.79,0
AMM-2023-955,QuickHeal,CureAll,2023-04-18,2023-09-15,515,18,100000,28.82,6.21,0
AMM-2023-956,MediSafeX,MediVita,2023-03-14,2023-05-05,1610,21,150000,154.05,11.30,1
AMM-2023-957,QuickHeal,PharmaCorp,2023-03-15,2023-08-20,499,18,200000,116.47,14.70,0
AMM-2023-958,FlexiJoint,PharmaCorp,2023-05-05,2023-05-17,1946,20,200000,67.01,10.03,1
AMM-2023-959,QuickHeal,MediVita,2023-05-06,2023-05-16,634,45,150000,64.60,8.30,1
AMM-2023-960,CardioPlus,PharmaCorp,2023-01-27,2023-02-20,1093,30,50000,32.35,5.16,1
AMM-2023-961,QuickHeal,CureAll,2023-01-23,2023-05-06,1905,109,200000,28.55,6.20,0
AMM-2023-962,MediSafeX,PharmaCorp,2023-06-26,2023-12-21,1955,97,200000,31.94,7.49,0
AMM-2023-963,CardioPlus,MediVita,2023-03-19,2023-07-29,984,25,100000,45.31,11.56,0
AMM-2023-964,MediSafeX,CureAll,2023-06-03,2023-09-28,1519,47,200000,161.36,6.11,1
AMM-2023-965,PainAway,PharmaCorp,2023-06-07,2023-06-29,274,23,200000,49.11,14.98,1
AMM-2023-966,MediSafeX,BioPharm Solutions,2023-05-30,2023-10-08,1679,57,200000,65.96,9.21,0
AMM-2023-967,CardioPlus,BioPharm Solutions,2023-05-07,2023-07-23,494,8,200000,192.66,6.66,1
AMM-2023-968,CardioPlus,PharmaCorp,2023-05-17,2023-10-14,1818,131,50000,392.12,14.14,1
AMM-2023-969,FlexiJoint,MediVita,2023-01-22,2023-06-09,1419,115,100000,35.37,10.34,0
AMM-2023-970,FlexiJoint,CureAll,2023-01-03,2023-01-10,1211,86,100000,85.06,12.17,1
AMM-2023-971,QuickHeal,CureAll,2023-01-17,2023-01-20,1420,92,100000,39.97,8.93,1
AMM-2023-972,FlexiJoint,MediVita,2023-01-18,2023-04-22,331,20,100000,69.07,9.58,0
AMM-2023-973,FlexiJoint,MediVita,2023-05-01,2023-08-21,913,70,50000,325.79,12.35,1
AMM-2023-974,FlexiJoint,CureAll,2023-05-14,2023-10-31,1556,14,200000,66.99,9.37,0
AMM-2023-975,CardioPlus,BioPharm Solutions,2023-05-30,2023-07-01,1590,50,100000,57.82,13.77,0
AMM-2023-976,MediSafeX,BioPharm Solutions,2023-02-24,2023-08-06,612,53,200000,116.36,14.55,0
AMM-2023-977,FlexiJoint,CureAll,2023-02-06,2023-05-30,1919,133,150000,59.99,13.59,0
AMM-2023-978,FlexiJoint,MediVita,2023-03-03,2023-03-15,881,34,50000,368.46,13.86,1
AMM-2023-979,CardioPlus,MediVita,2023-01-30,2023-02-11,1357,50,50000,60.50,8.71,1
AMM-2023-980,CardioPlus,HealthGen,2023-05-19,2023-07-17,414,9,50000,90.70,14.87,0
AMM-2023-981,FlexiJoint,HealthGen,2023-02-16,2023-05-24,240,13,100000,76.14,11.44,0
AMM-2023-982,FlexiJoint,MediVita,2023-06-10,2023-06-29,1751,63,150000,49.72,8.22,1
AMM-2023-983,FlexiJoint,PharmaCorp,2023-03-09,2023-07-29,1258,112,200000,32.76,8.34,0
AMM-2023-984,FlexiJoint,BioPharm Solutions,2023-04-18,2023-10-09,1859,75,50000,24.00,7.90,0
AMM-2023-985,MediSafeX,BioPharm Solutions,2023-03-15,2023-04-01,1097,94,50000,23.78,7.04,1
AMM-2023-986,PainAway,MediVita,2023-01-05,2023-04-11,1440,132,150000,68.44,10.48,0
AMM-2023-987,FlexiJoint,MediVita,2023-06-21,2023-09-04,1406,106,100000,115.35,5.51,1
AMM-2023-988,QuickHeal,HealthGen,2023-05-18,2023-06-17,1502,47,200000,26.52,7.84,0
AMM-2023-989,CardioPlus,MediVita,2023-04-25,2023-10-11,790,54,200000,59.53,9.63,0
AMM-2023-990,CardioPlus,BioPharm Solutions,2023-01-09,2023-05-08,284,11,100000,164.65,8.61,1
AMM-2023-991,MediSafeX,CureAll,2023-04-24,2023-05-05,1943,147,50000,38.28,10.46,1
AMM-2023-992,CardioPlus,MediVita,2023-04-29,2023-08-13,1661,110,50000,116.48,14.93,0
AMM-2023-993,QuickHeal,MediVita,2023-01-06,2023-04-18,288,10,100000,19.72,5.78,0
AMM-2023-994,CardioPlus,PharmaCorp,2023-01-04,2023-03-23,1957,185,200000,29.11,8.07,0
AMM-2023-995,FlexiJoint,BioPharm Solutions,2023-04-05,2023-06-28,1936,8,100000,49.65,10.70,0
AMM-2023-996,QuickHeal,CureAll,2023-02-28,2023-06-29,1072,93,200000,34.76,6.21,0
AMM-2023-997,QuickHeal,HealthGen,2023-04-26,2023-09-11,1782,14,150000,48.57,12.38,0
AMM-2023-998,FlexiJoint,HealthGen,2023-06-27,2023-09-28,515,43,200000,55.35,7.19,0
AMM-2023-999,QuickHeal,PharmaCorp,2023-03-05,2023-04-11,1199,92,50000,96.19,7.02,1
AMM-2023-1000,CardioPlus,PharmaCorp,2023-06-17,2023-06-23,281,16,200000,67.85,11.50,1
